StartTime,Dur,sTos,dTos,SrcBytes,DstBytes,SrcPkts,DstPkts
0.1746000051,0.0297999997,0.1589999944,0.0060000001,0.0397999994,0.0353999995,0.0031000001,0.0006
0.3043000102,0.0222999994,0.5145999789,0.1714999974,0.0346999988,0.0384999998,0.0019,0.0012000001
0.2096000016,0.0675000027,0.0031999999,0.0004,0.0384000018,0.0406999998,0.0011,0.0003
0.2278999984,0.0266999993,0.0656000003,0.0031999999,0.0326000005,0.0329999998,0.0024000001,0.0004
0.1844000071,0.1111999974,0.0020999999,0.0004,0.0463000014,0.0522000007,0.0015,0.0003
0.1893000007,0.0292000007,0.1199000031,0.0048000002,0.0383000001,0.0339000002,0.0035000001,0.0006
0.1384000033,0.0282000005,0.4228000045,0.0252999999,0.0476000011,0.0445000008,0.0038000001,0.0009
0.1787,0.0304000005,0.1404999942,0.0055,0.0405000001,0.0359999985,0.0049000001,0.0008
0.3930999935,0.0216000006,0.5191000104,0.3853000104,0.0355999991,0.0340000018,0.0018,0.0020999999
0.2770999968,0.0226000007,0.5156999826,0.1490000039,0.0390999988,0.0406000018,0.0027999999,0.0015
0.1878000051,0.1044000015,0.0023000001,0.0004,0.0436999984,0.0487000011,0.001,0.0003
0.2487999946,0.0263,0.0310999993,0.0020000001,0.0324000008,0.0309999995,0.0027999999,0.0005
0.2310000062,0.0465999991,0.0044,0.0006,0.0362000018,0.0362000018,0.0019,0.0004
0.2008000016,0.0239000004,0.4742000103,0.0656000003,0.0417999998,0.0452000014,0.0024999999,0.0009
0.2493000031,0.0263999999,0.0259000007,0.0017,0.0318999998,0.0307999998,0.0024000001,0.0005
0.2308000028,0.0232999995,0.4867999852,0.0885000005,0.0390000008,0.0432000011,0.0022,0.001
0.2158000022,0.0233999994,0.4797999859,0.0760999992,0.0399000011,0.0439000018,0.0023000001,0.0009
0.2382999957,0.0357999988,0.0065000001,0.0007,0.0328000002,0.0318000019,0.0020000001,0.0004
0.2387000024,0.0348000005,0.0068999999,0.0007,0.0320000015,0.0315000005,0.0017,0.0004
0.2302999943,0.0447000004,0.0044,0.0005,0.0346000008,0.0350000001,0.0013,0.0003
0.2387000024,0.0355999991,0.0066999998,0.0007,0.0329999998,0.0318999998,0.0022,0.0004
0.2477999926,0.0285,0.0168999992,0.0013,0.0333999991,0.0305000003,0.0031000001,0.0005
0.4097000062,0.0218000002,0.4887999892,0.4905999899,0.0353000015,0.0328000002,0.0017,0.0027000001
0.4214000106,0.0223999992,0.4600000083,0.5645999908,0.0322999991,0.0320000015,0.0009,0.0022
0.2356999964,0.0230999999,0.4880999923,0.0927999988,0.0381999984,0.0425999984,0.0020999999,0.001
0.1629000008,0.0256999992,0.4609000087,0.0434999987,0.0461999997,0.0467999987,0.0031999999,0.001
0.177699998,0.0299999993,0.1459999979,0.0055,0.0399999991,0.0346999988,0.0038000001,0.0007
0.2060000002,0.0732999966,0.003,0.0004,0.0412999988,0.0434000008,0.0016,0.0004
0.1791999936,0.0299999993,0.1414999962,0.0054000001,0.0397999994,0.0346000008,0.0038999999,0.0007
0.1592999995,0.0258000009,0.4700999856,0.0461999997,0.0489999987,0.0474999994,0.0046000001,0.0013
0.2494000047,0.0264999997,0.0238000005,0.0016,0.0315999985,0.0307,0.0020999999,0.0004
0.1449999958,0.1940000057,0.0013,0.0003,0.0524000004,0.0658000037,0.001,0.0003
0.2389999926,0.0348000005,0.0070000002,0.0007,0.0322999991,0.0313999988,0.0019,0.0004
0.4255000055,0.0292000007,0.3459999859,0.6787999868,0.0434000008,0.0476999991,0.0009,0.0043000001
0.3991000056,0.0215000007,0.510800004,0.4260999858,0.0366999991,0.0340000018,0.0020999999,0.0027000001
0.2511000037,0.0272000004,0.0218000002,0.0015,0.0310999993,0.0307,0.0017,0.0004
0.2417999953,0.0346000008,0.0076000001,0.0007,0.0315000005,0.0310999993,0.0013,0.0003
0.3429999948,0.0218000002,0.5278000236,0.233799994,0.0342999995,0.0368999988,0.0019,0.0015
0.3632999957,0.0214000009,0.5242999792,0.2594999969,0.0318000019,0.0351000018,0.0015,0.0013
0.2081999928,0.0676999986,0.0031999999,0.0004,0.0388999991,0.0410999991,0.0012000001,0.0003
0.326700002,0.0219999999,0.5267000198,0.2102999985,0.0351999998,0.0377999991,0.0020999999,0.0015
0.1724999994,0.1351000071,0.0018,0.0003,0.0485999994,0.0566000007,0.0014,0.0003
0.4250999987,0.0242999997,0.4223000109,0.613499999,0.0366000012,0.0351000018,0.0011,0.0033
0.3970000148,0.0216000006,0.5149000287,0.4079000056,0.0364999995,0.0342000015,0.0020000001,0.0024000001
0.243599996,0.0303000007,0.0113000004,0.001,0.0311999992,0.0304000005,0.0017,0.0004
0.2425000072,0.0320000015,0.0098000001,0.0009,0.0324000008,0.0309999995,0.0023000001,0.0004
0.1996999979,0.0291000009,0.0996000022,0.0043000001,0.0379000008,0.0342999995,0.0046999999,0.0008
0.1614000052,0.0259000007,0.4528999925,0.0408999994,0.0441999994,0.0452999994,0.0026,0.0008
0.2872999907,0.0222999994,0.5072000027,0.1477999985,0.0346000008,0.0390999988,0.0018,0.0011
0.1340000033,0.0293000005,0.3413999975,0.0148,0.0461000018,0.0410000011,0.0048000002,0.0009
0.2180999964,0.0581,0.0037,0.0005,0.0366999991,0.0379999988,0.0011,0.0003
0.2456,0.0295000002,0.0133999996,0.0011,0.0322000012,0.0305000003,0.0022,0.0004
0.4248000085,0.0253999997,0.3995000124,0.6328999996,0.0388000011,0.0384000018,0.0011,0.0037
0.2231999934,0.0527999997,0.0038999999,0.0005,0.0372000001,0.0377000012,0.0017,0.0004
0.4246999919,0.0249000005,0.4088999927,0.6248999834,0.0379999988,0.0370000005,0.0011,0.0035999999
0.1774999946,0.1263999939,0.0020000001,0.0003,0.0460000001,0.052099999,0.0009,0.0002
0.415899992,0.0221999995,0.476000011,0.5303000212,0.0326999985,0.0320999995,0.0011,0.0020999999
0.1846999973,0.0291000009,0.1330000013,0.0052,0.0383000001,0.0346999988,0.0027999999,0.0005
0.2619000077,0.0228000004,0.5058000088,0.1256999969,0.0388000011,0.0416000001,0.0024999999,0.0013
0.2404000014,0.0333999991,0.0078999996,0.0008,0.0310999993,0.0309999995,0.0014,0.0003
0.1849000007,0.1118000001,0.0020999999,0.0004,0.0467999987,0.0526000001,0.0016,0.0003
0.246299997,0.0293000005,0.0144999996,0.0012000001,0.0329000019,0.0306000002,0.0027000001,0.0005
0.1333999932,0.0289999992,0.3890999854,0.0186000001,0.0458000004,0.0425999984,0.0027000001,0.0006
0.423299998,0.0299999993,0.3292999864,0.6750000119,0.0507999994,0.0588999987,0.001,0.0055999998
0.1561000049,0.0261000004,0.4670999944,0.0436999984,0.0491999984,0.0474000014,0.0044999998,0.0013
0.2460999936,0.0286999997,0.0144999996,0.0012000001,0.0317000002,0.0302000009,0.0020000001,0.0004
0.2261999995,0.0270000007,0.0653999969,0.0031999999,0.0337999985,0.0322000012,0.0034,0.0006
0.1463000029,0.1951999962,0.0014,0.0003,0.0515000001,0.0644000024,0.0008,0.0002
0.2368000001,0.0271000005,0.0581,0.0031000001,0.0339000002,0.0335999988,0.0043000001,0.0007
0.2469000071,0.0299999993,0.0126999998,0.001,0.0310999993,0.0298999995,0.0014,0.0003
0.1451999992,0.0303000007,0.2777999938,0.0107000005,0.0441000015,0.0386000015,0.0041,0.0008
0.1869000047,0.0293000005,0.1253000051,0.0049999999,0.0384999998,0.0340999998,0.0034,0.0006
0.1938000023,0.0287999995,0.1119000018,0.0046000001,0.0375000015,0.0337000005,0.0033,0.0006
0.238499999,0.0375999995,0.0057999999,0.0006,0.0322000012,0.0324999988,0.0012000001,0.0003
0.2409999967,0.0335999988,0.0083999997,0.0008,0.0331000015,0.0315999985,0.0024999999,0.0005
0.4257000089,0.0296999998,0.3393999934,0.684499979,0.0439000018,0.0491000004,0.0008,0.0043000001
0.2496999949,0.0263999999,0.0395999998,0.0024000001,0.0333000012,0.0318000019,0.0037,0.0006
0.2202000022,0.0553000011,0.0038000001,0.0005,0.0375000015,0.0381999984,0.0016,0.0003
0.1391000003,0.0281000007,0.4266000092,0.0264999997,0.0480999984,0.0445000008,0.0040000002,0.001
0.1342999935,0.0288999993,0.393599987,0.0193000007,0.0460000001,0.0428999998,0.0031000001,0.0007
0.1422999948,0.0275999997,0.4422000051,0.0315999985,0.0491999984,0.0460000001,0.0044999998,0.0012000001
0.2228000015,0.0538999997,0.0040000002,0.0005,0.0359999985,0.0366999991,0.0011,0.0003
0.1503999978,0.1801999956,0.0014,0.0003,0.0511999987,0.0632999986,0.001,0.0003
0.2449000031,0.0298999995,0.0120999999,0.001,0.0309999995,0.0302000009,0.0015,0.0003
0.4271000028,0.0286999997,0.3574999869,0.6728000045,0.0399000011,0.0441999994,0.0007,0.0035999999
0.3851999938,0.0216000006,0.5210999846,0.3481999934,0.0324999988,0.0333000012,0.0014,0.0015
0.1377000064,0.0296999998,0.3151000142,0.0126999998,0.0450999998,0.0395999998,0.0043000001,0.0008
0.4246000051,0.0233999994,0.4390999973,0.5916000009,0.0331000015,0.0326000005,0.0009,0.0024999999
0.4271999896,0.0304000005,0.3319999874,0.6949999928,0.0419000015,0.0491999984,0.0006,0.0038000001
0.4176999927,0.0217000004,0.4665000141,0.5473999977,0.0357000008,0.0329000019,0.0017,0.0034
0.2213999927,0.0276999995,0.0713,0.0035000001,0.0348999985,0.0333000012,0.0041999999,0.0007
0.2187000066,0.0274,0.0732999966,0.0034,0.0346999988,0.0324999988,0.0035999999,0.0006
0.2583000064,0.0229000002,0.5087000132,0.1263000071,0.0401000008,0.0417000018,0.0029,0.0015
0.2492000014,0.0263,0.0274,0.0018,0.0313000008,0.0309999995,0.0020000001,0.0004
0.1326999962,0.0293000005,0.3492999971,0.0144999996,0.0450000018,0.0406000018,0.003,0.0006
0.423999995,0.0239000004,0.4223000109,0.6126000285,0.0373999998,0.0355999991,0.0013,0.0035999999
0.2406000048,0.0265999995,0.0549000017,0.0029,0.0331999995,0.0324999988,0.0037,0.0006
0.1438000053,0.2022999972,0.0013,0.0003,0.0540000014,0.0683000013,0.0013,0.0003
0.2134999931,0.0274,0.0812999979,0.0037,0.0348000005,0.0326999985,0.0029,0.0005
0.4219000041,0.0230999999,0.4282999933,0.605700016,0.0384999998,0.0362999998,0.0015,0.0040000002
0.4268999994,0.0293000005,0.3488999903,0.6791999936,0.0412000008,0.0461000018,0.0007,0.0038000001
0.2437999994,0.0318999998,0.0098000001,0.0009,0.0307999998,0.0303000007,0.0014,0.0003
0.2752000093,0.0227000006,0.5048000216,0.1351000071,0.0364000015,0.0403999984,0.0020999999,0.0012000001
0.165199995,0.0302000009,0.1907999963,0.0071,0.0412999988,0.0359999985,0.0035000001,0.0006
0.2269999981,0.0483000018,0.0041999999,0.0005,0.0357999988,0.0361000001,0.0015,0.0003
0.1621000022,0.0299999993,0.2079000026,0.0077,0.0412999988,0.0368000008,0.0029,0.0006
0.4212000072,0.0219000001,0.4557000101,0.5674999952,0.0359999985,0.0331000015,0.0016,0.0034
0.1694999933,0.0298999995,0.1768999994,0.0066,0.0403999984,0.0357999988,0.0031000001,0.0006
0.4246999919,0.0236000009,0.4341000021,0.5971000195,0.0324000008,0.0326999985,0.0008,0.0024000001
0.2551999986,0.0229000002,0.5145999789,0.1332000047,0.0410000011,0.0414000005,0.0034,0.0017
0.1336999983,0.0294000003,0.3411000073,0.0142000001,0.0452999994,0.0401999988,0.0037,0.0008
0.1664000005,0.0302000009,0.1860000044,0.0068999999,0.0410999991,0.0359000005,0.0035000001,0.0006
0.2488999963,0.0262000002,0.0351000018,0.0020999999,0.0326000005,0.0311999992,0.003,0.0005
0.2477000058,0.0283000004,0.0168999992,0.0013,0.0329000019,0.0304000005,0.0027000001,0.0005
0.4219999909,0.0225000009,0.4575999975,0.5665000081,0.0333000012,0.0322000012,0.0011,0.0024999999
0.1644999981,0.0299999993,0.1968999952,0.0073000002,0.0410000011,0.0364000015,0.003,0.0006
0.248999998,0.0263,0.0278999992,0.0018,0.0318999998,0.0308999997,0.0024000001,0.0005
0.2452999949,0.0299999993,0.0126999998,0.0011,0.0324999988,0.0307,0.0024000001,0.0005
0.1555999964,0.0262000002,0.4593999982,0.0403000005,0.0478000008,0.0471000001,0.0035999999,0.001
0.2736000121,0.0227000006,0.5105999708,0.1401000023,0.0383000001,0.0408000015,0.0024999999,0.0014
0.2242999971,0.0274999999,0.0681999996,0.0034,0.0344999991,0.0331999995,0.0041,0.0007
0.1854999959,0.1068999991,0.0022,0.0004,0.0452999994,0.0505000018,0.0013,0.0003
0.2492000014,0.0260000005,0.0441999994,0.0024999999,0.0324999988,0.0315000005,0.0031000001,0.0005
0.4122000039,0.0219000001,0.4839000106,0.505400002,0.0342000015,0.0322999991,0.0014,0.0024999999
0.2452999949,0.0294000003,0.0131000001,0.0011,0.0317000002,0.0304000005,0.0020000001,0.0004
0.2492000014,0.0263999999,0.0275999997,0.0018,0.0322000012,0.0308999997,0.0026,0.0005
0.1403000057,0.0299999993,0.3005999923,0.0116999997,0.0443000011,0.0390000008,0.0038000001,0.0007
0.3774999976,0.0216000006,0.5299000144,0.3147000074,0.0351999998,0.0350000001,0.0019,0.0018
0.2463999987,0.0293000005,0.0146000003,0.0012000001,0.0329999998,0.0306000002,0.0027000001,0.0005
0.2161000073,0.0277999993,0.0768000036,0.0035999999,0.0353000015,0.0331000015,0.0040000002,0.0007
0.2469999939,0.0285,0.0157999992,0.0013,0.0324000008,0.0303000007,0.0024000001,0.0005
0.237499997,0.0362999998,0.0060999999,0.0007,0.0324999988,0.0320999995,0.0016,0.0003
0.2498999983,0.0273000002,0.0221999995,0.0016,0.0337999985,0.0307,0.0035000001,0.0006
0.2497999966,0.0263999999,0.0408999994,0.0024000001,0.0331999995,0.0318999998,0.0037,0.0006
0.2442000061,0.0305000003,0.0115999999,0.001,0.0320999995,0.0307,0.0022,0.0004
0.1354999989,0.0286999997,0.4111999869,0.0221999995,0.0463000014,0.0439999998,0.0027999999,0.0007
0.1595000029,0.0306000002,0.2124000043,0.0080000004,0.0421999991,0.0370999984,0.0041,0.0008
0.1489000022,0.0304000005,0.2621000111,0.0102000004,0.0441999994,0.0392000005,0.0048000002,0.0009
0.2365999967,0.0390000008,0.0052999998,0.0006,0.0328000002,0.0331000015,0.0013,0.0003
0.2080000043,0.0285,0.0873000026,0.0040000002,0.0366000012,0.0337999985,0.0044,0.0007
0.140200004,0.0297999997,0.3023000062,0.0115,0.0439000018,0.0390000008,0.0029,0.0006
0.1647000015,0.0255999994,0.4553999901,0.0430000015,0.0441000015,0.0454999991,0.0026,0.0008
0.2206999958,0.0271000005,0.0736000016,0.0035000001,0.0335000008,0.0333000012,0.0024000001,0.0005
0.2392999977,0.0259000007,0.0549999997,0.0029,0.0318999998,0.0320999995,0.0024999999,0.0005
0.2387000024,0.0362000018,0.0063,0.0007,0.0318999998,0.0320999995,0.0013,0.0003
0.4221999943,0.0219999999,0.451700002,0.5752000213,0.0362000018,0.0331999995,0.0016,0.0034
0.1712000072,0.1366000026,0.0018,0.0003,0.0485999994,0.0568999983,0.0014,0.0003
0.3673999906,0.0216000006,0.5284000039,0.2759999931,0.0340000018,0.0355999991,0.0018,0.0016
0.2270999998,0.0232999995,0.5036000013,0.1018999964,0.0428000018,0.0432999991,0.0037,0.0016
0.2360000014,0.0263999999,0.0571000017,0.0029,0.0329999998,0.0318000019,0.0031999999,0.0006
0.1474999934,0.0271000005,0.4507000148,0.0346000008,0.0480000004,0.0472000018,0.0035000001,0.001
0.4253000021,0.0274999999,0.3698000014,0.6585000157,0.0410999991,0.0432000011,0.001,0.0040000002
0.2145999968,0.0617999993,0.0035000001,0.0005,0.0388999991,0.0401999988,0.0016,0.0003
0.2495000064,0.0266999993,0.0231999997,0.0016,0.0320000015,0.0307,0.0024000001,0.0005
0.2406000048,0.0333000012,0.0080000004,0.0008,0.0309999995,0.0309999995,0.0014,0.0003
0.1762000024,0.0247000009,0.467200011,0.0520000011,0.0447999984,0.0463000014,0.0031000001,0.001
0.248300001,0.0256999992,0.0394000001,0.0023000001,0.0317000002,0.0313999988,0.0024000001,0.0005
0.1418000013,0.0276999995,0.4408000112,0.0313000008,0.0493000001,0.0461000018,0.0046999999,0.0012000001
0.1631000042,0.0300999992,0.2020999938,0.0074999998,0.0412999988,0.0364999995,0.0031000001,0.0006
0.2427999973,0.0311999992,0.0103000002,0.0009,0.0317000002,0.0307,0.0019,0.0004
0.1770000011,0.1221000031,0.0019,0.0003,0.0463000014,0.0531000011,0.0011,0.0003
0.2309000045,0.0450000018,0.0044,0.0006,0.0350000001,0.0351999998,0.0015,0.0003
0.2495000064,0.0270000007,0.0207000002,0.0015,0.0324000008,0.0305000003,0.0024999999,0.0005
0.2365999967,0.0375999995,0.0055999998,0.0006,0.0328000002,0.0324999988,0.0016,0.0003
0.1334999949,0.0291000009,0.3711999953,0.0168999992,0.0456000008,0.0417000018,0.0034,0.0007
0.2136999965,0.0236000009,0.4853999913,0.0775000006,0.0421000011,0.0450000018,0.0027999999,0.0011
0.2377000004,0.0364000015,0.0060000001,0.0006,0.0320999995,0.0322000012,0.0013,0.0003
0.416200012,0.0220999997,0.474999994,0.5345000029,0.0320999995,0.0320000015,0.001,0.0020000001
0.2493000031,0.0260000005,0.0461999997,0.0024999999,0.0326000005,0.0315000005,0.0031999999,0.0006
0.4111000001,0.0218000002,0.4857000113,0.5002999902,0.0353000015,0.0326999985,0.0017,0.0027000001
0.1453000009,0.194600001,0.0013,0.0003,0.0527000017,0.0661000013,0.0011,0.0003
0.1459999979,0.1915999949,0.0014,0.0003,0.0522000007,0.0653999969,0.001,0.0003
0.1818999946,0.0241999999,0.4636999965,0.0540000014,0.0423000008,0.0449000001,0.0024000001,0.0009
0.4246000051,0.0233999994,0.4375,0.5932000279,0.0324999988,0.0324999988,0.0009,0.0024000001
0.404399991,0.0219000001,0.4981000125,0.4548999965,0.0320000015,0.0322000012,0.0011,0.0018
0.2409999967,0.0269000009,0.0553000011,0.003,0.0335999988,0.0335000008,0.0043000001,0.0007
0.2386000007,0.0346999988,0.0068999999,0.0007,0.0318000019,0.0315000005,0.0016,0.0003
0.2487999946,0.0260000005,0.0438000001,0.0024000001,0.0310999993,0.0320999995,0.0020999999,0.0004
0.2937999964,0.0223999992,0.5105999708,0.1570000052,0.0351000018,0.0390999988,0.0019,0.0012000001
0.2490999997,0.0260000005,0.0419999994,0.0024000001,0.0324999988,0.0313999988,0.0031000001,0.0005
0.1357000023,0.0295000002,0.3265999854,0.0133999996,0.0454000011,0.0397999994,0.0041999999,0.0008
0.168599993,0.0252,0.4629999995,0.0467999987,0.0452999994,0.0465000011,0.0031000001,0.001
0.2705000043,0.0227000006,0.5202000141,0.1521999985,0.0399999991,0.0405000001,0.0033,0.0018
0.1471000016,0.0273000002,0.4440999925,0.0329999998,0.0460000001,0.0458999984,0.0027999999,0.0008
0.1587000042,0.0259000007,0.4666999876,0.0443999991,0.0485999994,0.0472000018,0.0041,0.0012000001
0.1513999999,0.0265999995,0.457100004,0.0379000008,0.0485000014,0.0472000018,0.0037,0.001
0.2194000036,0.0579999983,0.0037,0.0005,0.0390000008,0.0397000015,0.0019,0.0004
0.2451000065,0.0307,0.0121999998,0.0011,0.0333999991,0.0311999992,0.0029,0.0005
0.2497999966,0.0273000002,0.0218000002,0.0016,0.0335999988,0.0306000002,0.0034,0.0006
0.4070000052,0.0218000002,0.4950999916,0.4713000059,0.0353000015,0.0329000019,0.0017,0.0024999999
0.2372999936,0.0366999991,0.0059000002,0.0007,0.0326999985,0.0322000012,0.0017,0.0004
0.4099000096,0.0220999997,0.4893000126,0.4875999987,0.0329000019,0.0320999995,0.0012000001,0.0020999999
0.240199998,0.0333999991,0.0077999998,0.0008,0.0310999993,0.0309999995,0.0014,0.0003
0.2260999978,0.0265999995,0.0669,0.0033,0.0329999998,0.0326000005,0.0026,0.0005
0.200000003,0.0285,0.0995000005,0.0041999999,0.0370000005,0.0333000012,0.0035999999,0.0006
0.2493000031,0.0265999995,0.0315999985,0.0020000001,0.0335000008,0.0310999993,0.0035999999,0.0006
0.1421000063,0.2040999979,0.0013,0.0003,0.0535999984,0.0680999979,0.0011,0.0003
0.4223000109,0.0271000005,0.3612999916,0.6614999771,0.0450000018,0.0478999987,0.0012000001,0.0049999999
0.2449000031,0.0296,0.0126,0.0011,0.0313999988,0.0303000007,0.0018,0.0004
0.2240999937,0.0233999994,0.4990000129,0.0949999988,0.0427000001,0.0436999984,0.0035000001,0.0015
0.1333999932,0.0293000005,0.3463999927,0.0148,0.0458000004,0.0403000005,0.0041999999,0.0008
0.2493000031,0.0262000002,0.0392999984,0.0023000001,0.0329000019,0.0313000008,0.0033,0.0006
0.248999998,0.0267999992,0.0196000002,0.0014,0.0313999988,0.0304000005,0.0019,0.0004
0.2424000055,0.0313999988,0.0097000003,0.0009,0.0307999998,0.0305000003,0.0015,0.0003
0.1332000047,0.0292000007,0.356099993,0.0154999997,0.0456000008,0.0408000015,0.0037,0.0008
0.2396000028,0.0333000012,0.0077,0.0008,0.0311999992,0.0309999995,0.0015,0.0003
0.139200002,0.0281000007,0.4275999963,0.0266999993,0.0480999984,0.0447000004,0.0038999999,0.001
0.4237000048,0.0244999994,0.4106000066,0.6225000024,0.0386000015,0.0372000001,0.0013,0.0038999999
0.4011000097,0.0215000007,0.5063999891,0.4419000149,0.0368000008,0.0342000015,0.0020999999,0.0027999999
0.2469000071,0.0287999995,0.0154999997,0.0013,0.0329000019,0.0305000003,0.0027000001,0.0005
0.1636999995,0.0306000002,0.1934999973,0.0074,0.0421999991,0.0373999998,0.0046999999,0.0008
0.2142000049,0.0626000017,0.0035000001,0.0004,0.0375000015,0.0390999988,0.001,0.0003
0.2477000058,0.0275999997,0.0170000009,0.0013,0.0315000005,0.0302000009,0.0019,0.0004
0.4226999879,0.0270000007,0.3650000095,0.659799993,0.0439999998,0.0460000001,0.0012000001,0.0049000001
0.4126999974,0.0216000006,0.4817000031,0.5149000287,0.0357999988,0.0329000019,0.0018,0.0031000001
0.1447000057,0.1985000074,0.0013,0.0003,0.0535000004,0.0675999969,0.0012000001,0.0003
0.1425999999,0.2067999989,0.0013,0.0003,0.0544999987,0.0692000017,0.0013,0.0003
0.4257999957,0.0273000002,0.3747000098,0.6553000212,0.0401000008,0.0419000015,0.0009,0.0038000001
0.4113999903,0.0220999997,0.4860000014,0.4986999929,0.0326999985,0.0320999995,0.0012000001,0.0020999999
0.2443999946,0.0296,0.0121999998,0.001,0.0310999993,0.0302000009,0.0017,0.0004
0.3134000003,0.0221999995,0.5263000131,0.1957000047,0.0368000008,0.0386000015,0.0024000001,0.0016
0.1661999971,0.0254999995,0.4573999941,0.0441000015,0.0443000011,0.0458000004,0.0027000001,0.0009
0.2511000037,0.023,0.4975999892,0.1101000011,0.0383000001,0.0421000011,0.0023000001,0.0012000001
0.4241000116,0.023,0.4433000088,0.5889000297,0.0348999985,0.0331000015,0.0012000001,0.0029
0.2387000024,0.0353000015,0.0068000001,0.0007,0.0326000005,0.0315000005,0.0020000001,0.0004
0.2206999958,0.0535000004,0.0038000001,0.0005,0.0364999995,0.0375000015,0.0013,0.0003
0.2378000021,0.0361000001,0.0062000002,0.0007,0.0326000005,0.0318999998,0.0018,0.0004
0.2417999953,0.0262000002,0.0535999984,0.0027999999,0.0328000002,0.0318999998,0.0033,0.0006
0.2286999971,0.0266999993,0.0627999976,0.0031000001,0.0335000008,0.0318999998,0.0033,0.0006
0.243900001,0.0310999993,0.0110999998,0.001,0.0326999985,0.0308999997,0.0024999999,0.0005
0.2380000055,0.0359000005,0.0063999998,0.0007,0.0326000005,0.0318000019,0.0018,0.0004
0.2469000071,0.0280000009,0.0156999994,0.0012000001,0.0313000008,0.0300999992,0.0018,0.0004
0.4025000036,0.0219999999,0.502399981,0.4395000041,0.0329999998,0.0324999988,0.0013,0.0019
0.1379999965,0.0283000004,0.426699996,0.0260000005,0.0467999987,0.0452999994,0.0031000001,0.0008
0.2484000027,0.0292000007,0.0144999996,0.0011,0.0310999993,0.0299999993,0.0015,0.0003
0.4059000015,0.0219000001,0.4954999983,0.4643999934,0.0318999998,0.0320999995,0.0011,0.0018
0.2465000004,0.0285999998,0.0149999997,0.0012000001,0.0320000015,0.0303000007,0.0022,0.0004
0.1589999944,0.0298999995,0.2234999985,0.0082999999,0.0416000001,0.0373000018,0.0027000001,0.0005
0.2325000018,0.0270000007,0.0606000014,0.0031000001,0.0337000005,0.0326999985,0.0038000001,0.0006
0.4210999906,0.0222999994,0.4605000019,0.5612999797,0.0337999985,0.0322000012,0.0012000001,0.0026
0.4246000051,0.0233999994,0.4363000095,0.5943999887,0.0320999995,0.0324000008,0.0008,0.0024000001
0.4264999926,0.0285999998,0.358099997,0.6703000069,0.0410000011,0.0445999987,0.0008,0.0038000001
0.416200012,0.0220999997,0.4747000039,0.5321999788,0.0339000002,0.0322999991,0.0013,0.0024999999
0.1370999962,0.0285,0.4234000146,0.0251000002,0.0467000008,0.0450000018,0.0027000001,0.0007
0.188500002,0.0291000009,0.1229000017,0.0049000001,0.0381000005,0.0342000015,0.0031999999,0.0006
0.3059999943,0.0221999995,0.5249000192,0.1863999963,0.0373999998,0.0390000008,0.0024999999,0.0016
0.2497999966,0.0273000002,0.0216000006,0.0016,0.0335000008,0.0305000003,0.0033,0.0006
0.235499993,0.0263999999,0.0573999994,0.0029,0.0329999998,0.0318000019,0.0031999999,0.0006
0.4018999934,0.0218000002,0.5016000271,0.4408000112,0.0318999998,0.0322000012,0.0011,0.0017
0.3964000046,0.0216000006,0.5156999826,0.4058000147,0.0364999995,0.0342000015,0.0020000001,0.0024000001
0.4230999947,0.0258000009,0.3860000074,0.6427999735,0.0414999984,0.0416000001,0.0013,0.0044
0.2495999932,0.0266999993,0.0273000002,0.0018,0.0331999995,0.0307999998,0.0031999999,0.0006
0.2409999967,0.0348999985,0.0073000002,0.0007,0.0315000005,0.0313999988,0.0013,0.0003
0.2481999993,0.0296999998,0.0137,0.0011,0.0311999992,0.0297999997,0.0015,0.0003
0.2460999936,0.0294000003,0.0140000004,0.0012000001,0.0328000002,0.0306000002,0.0026,0.0005
0.192900002,0.0292000007,0.1101000011,0.0044999998,0.0383000001,0.0339000002,0.0041999999,0.0007
0.1815000027,0.0296,0.1381999999,0.0052999998,0.0390999988,0.0346000008,0.0033,0.0006
0.1617999971,0.1532000005,0.0016,0.0003,0.0493000001,0.0588000007,0.0011,0.0003
0.2407999933,0.0269000009,0.0553000011,0.003,0.0335000008,0.0333000012,0.0041999999,0.0007
0.2407999933,0.0328000002,0.0085000005,0.0008,0.0317000002,0.0309999995,0.0019,0.0004
0.4226000011,0.0267999992,0.3677000105,0.657400012,0.0438000001,0.0454999991,0.0013,0.0049000001
0.4223000109,0.0267999992,0.3657999933,0.6583999991,0.0443000011,0.0465000011,0.0013,0.0049000001
0.2498999983,0.0270000007,0.0245999992,0.0017,0.0333999991,0.0307,0.0033,0.0006
0.3711999953,0.0216000006,0.5278000236,0.2865999937,0.0331999995,0.0350000001,0.0016,0.0015
0.2487999946,0.0276999995,0.0175000001,0.0013,0.0310999993,0.0303000007,0.0017,0.0004
0.2353000045,0.0401000008,0.0049999999,0.0006,0.0333000012,0.0335999988,0.0013,0.0003
0.199300006,0.0286999997,0.0996999964,0.0041999999,0.0372000001,0.0333999991,0.0038000001,0.0006
0.2272000015,0.0267999992,0.066399999,0.0031999999,0.0326999985,0.0331000015,0.0024000001,0.0004
0.3519999981,0.0215000007,0.5238000154,0.2393999994,0.0318999998,0.0355999991,0.0015,0.0013
0.3045000136,0.0221999995,0.5275999904,0.1907999963,0.0377999991,0.0388999991,0.0027000001,0.0017
0.139500007,0.0297999997,0.3054000139,0.0116999997,0.0439999998,0.0390999988,0.0029,0.0006
0.1872999966,0.1018000022,0.0022,0.0004,0.0441000015,0.0489000008,0.0011,0.0003
0.2493000031,0.0276999995,0.0197999999,0.0015,0.0335999988,0.0304000005,0.0033,0.0006
0.1387999952,0.0282000005,0.4228000045,0.0255999994,0.0482000001,0.0443000011,0.0041999999,0.001
0.3646999896,0.0216000006,0.5328000188,0.283100009,0.0361000001,0.0361000001,0.0022,0.0019
0.2011999935,0.0286999997,0.0966000035,0.0041,0.0370999984,0.0335000008,0.0041,0.0007
0.2410999984,0.0324000008,0.0088,0.0009,0.0315000005,0.0308999997,0.0018,0.0004
0.2494000047,0.0267999992,0.0214000009,0.0015,0.0318999998,0.0305000003,0.0023000001,0.0004
0.4248999953,0.0276999995,0.3639999926,0.6626999974,0.0421000011,0.0445000008,0.001,0.0041999999
0.2474000007,0.0284000002,0.0164000001,0.0013,0.0326999985,0.0304000005,0.0026,0.0005
0.2494000047,0.0267999992,0.0217000004,0.0016,0.0320000015,0.0306000002,0.0023000001,0.0004
0.1737000048,0.0248000007,0.4681999981,0.0511000007,0.0456999987,0.0465999991,0.0033,0.0011
0.2495000064,0.0269000009,0.0211999994,0.0015,0.0322999991,0.0305000003,0.0024999999,0.0005
0.1735000014,0.1324000061,0.0019,0.0003,0.0463999994,0.0542000011,0.0009,0.0003
0.2046000063,0.0728999972,0.003,0.0004,0.0397000015,0.0423000008,0.0011,0.0003
0.4219000041,0.0273000002,0.3562999964,0.6629999876,0.0465999991,0.0505999997,0.0012000001,0.0052
0.2379000038,0.0364999995,0.0060000001,0.0006,0.0320000015,0.0322000012,0.0013,0.0003
0.1791999936,0.1203999966,0.0020000001,0.0003,0.0469000004,0.0535000004,0.0013,0.0003
0.166899994,0.1423999965,0.0017,0.0003,0.0482000001,0.0568999983,0.0011,0.0003
0.2470999956,0.0284000002,0.0159000009,0.0013,0.0322999991,0.0303000007,0.0023000001,0.0005
0.4217999876,0.0232999995,0.4230000079,0.6112999916,0.0390000008,0.0372000001,0.0015,0.0041
0.2396000028,0.0335000008,0.0077,0.0008,0.0313999988,0.0309999995,0.0016,0.0003
0.2298000008,0.0273000002,0.0634000003,0.0033,0.0342000015,0.0333999991,0.0041999999,0.0007
0.2124000043,0.0649000034,0.0034,0.0004,0.0379000008,0.0395999998,0.001,0.0003
0.1581999958,0.0261000004,0.453700006,0.0395999998,0.0452999994,0.0463000014,0.0029,0.0009
0.2390999943,0.0340000018,0.0073000002,0.0007,0.0313999988,0.0313000008,0.0015,0.0003
0.1404000074,0.0278999992,0.4329000115,0.0285999998,0.0487999991,0.0450999998,0.0044,0.0011
0.2495999932,0.0267999992,0.0229000002,0.0016,0.0324000008,0.0306000002,0.0026,0.0005
0.4253999889,0.0242999997,0.4248999953,0.6098999977,0.0353000015,0.0344000012,0.001,0.003
0.2651999891,0.0228000004,0.5034999847,0.126000002,0.0375999995,0.0412000008,0.0023000001,0.0012000001
0.4246000051,0.0239000004,0.4262000024,0.6090999842,0.0366999991,0.0350000001,0.0012000001,0.0034
0.1779000014,0.0244999994,0.472600013,0.0551000014,0.0460000001,0.0465000011,0.0035000001,0.0011
0.2378000021,0.0361000001,0.0062000002,0.0007,0.0326999985,0.0318999998,0.0018,0.0004
0.1425999999,0.0275999997,0.4431000054,0.0318000019,0.0489999987,0.0458999984,0.0043000001,0.0011
0.1389999986,0.0281000007,0.4262000024,0.0263,0.0480000004,0.0445999987,0.0038999999,0.001
0.1400000006,0.0280000009,0.4305000007,0.0277999993,0.0485999994,0.0449000001,0.0043000001,0.0011
0.2011000067,0.0238000005,0.4733999968,0.0656000003,0.0414000005,0.0449000001,0.0024000001,0.0009
0.1585000008,0.0261000004,0.4528999925,0.0395000018,0.0450000018,0.0460000001,0.0027999999,0.0008
0.2493000031,0.0265999995,0.0217000004,0.0015,0.0315000005,0.0305000003,0.0020000001,0.0004
0.4223000109,0.0226000007,0.4569999874,0.5680000186,0.0329999998,0.0320999995,0.001,0.0024000001
0.2432000041,0.0315999985,0.0104,0.001,0.0326000005,0.0309999995,0.0024000001,0.0005
0.2372999936,0.0375000015,0.0057999999,0.0007,0.0337000005,0.0326000005,0.0022,0.0004
0.1416999996,0.0277999993,0.4413999915,0.0306000002,0.0478000008,0.0463000014,0.0035000001,0.0009
0.2373999953,0.0373000018,0.0059000002,0.0007,0.0335999988,0.0324999988,0.0022,0.0004
0.3928999901,0.0215000007,0.5206000209,0.3901000023,0.0368999988,0.0344999991,0.0022,0.0024999999
0.237499997,0.0364000015,0.0060000001,0.0006,0.0320999995,0.0322000012,0.0013,0.0003
0.1339000016,0.0293000005,0.3441999853,0.0141000003,0.0450000018,0.0403000005,0.0027000001,0.0006
0.2409999967,0.0342999995,0.0074999998,0.0007,0.0313000008,0.0313000008,0.0013,0.0003
0.4262000024,0.0289999992,0.3508000076,0.675999999,0.0421000011,0.0461999997,0.0008,0.0040000002
0.1377999932,0.0284000002,0.4277000129,0.0263,0.0467999987,0.0454000011,0.0027999999,0.0007
0.2327000052,0.0263999999,0.0595000014,0.003,0.0328000002,0.0318000019,0.0029,0.0005
0.2495000064,0.0264999997,0.0263,0.0018,0.0322999991,0.0307999998,0.0026,0.0005
0.1582999974,0.0261000004,0.4553999901,0.0399999991,0.0456999987,0.0465999991,0.003,0.0009
0.2196000069,0.0271000005,0.0732999966,0.0034,0.0342999995,0.0322999991,0.003,0.0005
0.2493000031,0.0259000007,0.0474000014,0.0026,0.0326000005,0.0315999985,0.0031999999,0.0006
0.2352000028,0.0265999995,0.0579999983,0.003,0.0331999995,0.0322000012,0.0034,0.0006
0.1781000048,0.123300001,0.0020000001,0.0003,0.0456999987,0.0526000001,0.001,0.0003
0.2441000044,0.0307,0.0109000001,0.0009,0.0308999997,0.0303000007,0.0015,0.0003
0.2022999972,0.0793000013,0.0029,0.0004,0.0403999984,0.0427000001,0.001,0.0003
0.2057999969,0.0706999972,0.003,0.0004,0.0395000018,0.0419000015,0.0012000001,0.0003
0.1843000054,0.0296,0.1296000034,0.0051000002,0.0390999988,0.0342000015,0.0038000001,0.0007
0.4262000024,0.0254999995,0.4056999981,0.6299999952,0.0368000008,0.0366000012,0.001,0.0033
0.2093999982,0.0680999979,0.0031999999,0.0005,0.0401000008,0.0417999998,0.0016,0.0003
0.1350000054,0.0296,0.3276999891,0.0131000001,0.0445999987,0.0397999994,0.0033,0.0007
0.4264000058,0.0306000002,0.3310000002,0.6920999885,0.0439000018,0.0505999997,0.0007,0.0041999999
0.3662,0.0216000006,0.530099988,0.2782000005,0.0348000005,0.0357999988,0.0019,0.0017
0.1738000065,0.0296,0.1632999927,0.0060999999,0.0397000015,0.0357000008,0.0027999999,0.0005
0.4242999852,0.0274,0.3657000065,0.6607999802,0.0425000004,0.0445999987,0.0011,0.0044
0.1974000037,0.0878999978,0.0026,0.0004,0.0439999998,0.0472000018,0.0017,0.0004
0.1773999929,0.0245999992,0.4686000049,0.0531000011,0.0450000018,0.0463999994,0.0031000001,0.001
0.4029999971,0.0215000007,0.5037000179,0.4481000006,0.0364999995,0.0337000005,0.0020000001,0.0027000001
0.3946999907,0.0218000002,0.5159999728,0.3914999962,0.0340999998,0.0331999995,0.0015,0.0018
0.2365999967,0.0263,0.0566000007,0.0029,0.0329000019,0.0317000002,0.0031999999,0.0005
0.1647000015,0.1492999941,0.0017,0.0003,0.0496999994,0.0592,0.0013,0.0003
0.1544999927,0.0299999993,0.2425000072,0.0089999996,0.0421000011,0.0377999991,0.0026,0.0005
0.2124000043,0.064000003,0.0034,0.0004,0.0377999991,0.0397999994,0.0011,0.0003
0.2157000005,0.0276999995,0.0768999979,0.0035999999,0.0351000018,0.0326999985,0.0037,0.0006
0.2495999932,0.0267999992,0.0308999997,0.0020000001,0.0337999985,0.0315999985,0.0038999999,0.0006
0.2118999958,0.0650999993,0.0033,0.0005,0.0395999998,0.0410999991,0.0016,0.0003
0.1852000058,0.1072999984,0.0020999999,0.0004,0.0452999994,0.0505000018,0.0013,0.0003
0.2486999929,0.0261000004,0.0285,0.0018,0.0315999985,0.0308999997,0.0022,0.0004
0.3104999959,0.0221999995,0.5314999819,0.2038999945,0.0377000012,0.0384999998,0.0027999999,0.0019
0.1677999943,0.1414999962,0.0017,0.0003,0.0476999991,0.0562999994,0.001,0.0003
0.4223000109,0.0292000007,0.3357000053,0.6686999798,0.050999999,0.058600001,0.0011,0.0057000001
0.243900001,0.0308999997,0.0111999996,0.001,0.0322999991,0.0307999998,0.0023000001,0.0004
0.2104000002,0.0277999993,0.0842999965,0.0038000001,0.0355999991,0.0326000005,0.0033,0.0006
0.2492000014,0.0263999999,0.0277999993,0.0018,0.0322999991,0.0308999997,0.0027000001,0.0005
0.4174999893,0.0217000004,0.4661999941,0.5475999713,0.0357999988,0.0331000015,0.0017,0.0034
0.2496999949,0.0271000005,0.0225000009,0.0016,0.0331000015,0.0306000002,0.003,0.0005
0.1914000064,0.0952999964,0.0024000001,0.0004,0.0428999998,0.0472000018,0.0011,0.0003
0.2494000047,0.0263999999,0.0318999998,0.0019,0.0310999993,0.0313999988,0.0019,0.0004
0.2456,0.0298999995,0.0131999999,0.0011,0.0328000002,0.0307,0.0026,0.0005
0.1835999936,0.1150999963,0.0020999999,0.0003,0.0450000018,0.0498000011,0.0009,0.0002
0.2083999962,0.0237000007,0.4887000024,0.0771000013,0.0439000018,0.0452000014,0.0033,0.0013
0.2423000038,0.0326999985,0.0093999999,0.0009,0.0331999995,0.0315999985,0.0026,0.0005
0.2351000011,0.0405000001,0.0049000001,0.0006,0.0335000008,0.0337999985,0.0013,0.0003
0.1665000021,0.0297999997,0.1903000027,0.0071,0.0406000018,0.0364000015,0.0027999999,0.0005
0.1515000015,0.1768999994,0.0014,0.0003,0.050999999,0.0628999993,0.001,0.0003
0.240899995,0.0337999985,0.0082999999,0.0008,0.0329999998,0.0315999985,0.0024000001,0.0005
0.2231999934,0.0233999994,0.4905999899,0.0861999989,0.0416000001,0.0443000011,0.0027999999,0.0012000001
0.2478999943,0.0281000007,0.0172000006,0.0013,0.0326000005,0.0303000007,0.0024999999,0.0005
0.4264000058,0.0313000008,0.3231999874,0.6942999959,0.0456999987,0.0540000014,0.0007,0.0044
0.4086000025,0.0218000002,0.4916000068,0.4817999899,0.0351000018,0.0326999985,0.0016,0.0024999999
0.1485999972,0.1861000061,0.0014,0.0003,0.0513999984,0.064000003,0.001,0.0003
0.1765999943,0.0244999994,0.4794000089,0.0581,0.0472999997,0.0467999987,0.0043000001,0.0014
0.1738000065,0.0304000005,0.1547999978,0.0059000002,0.0406000018,0.0355999991,0.0043000001,0.0007
0.2444999963,0.0259000007,0.0513999984,0.0027000001,0.0322000012,0.0317000002,0.0027999999,0.0005
0.1520999968,0.0266999993,0.4478000104,0.0357000008,0.0454000011,0.0458000004,0.0027999999,0.0008
0.2486000061,0.0261000004,0.0306000002,0.0019,0.0318999998,0.0309999995,0.0024000001,0.0005
0.2108999938,0.0275999997,0.0846000016,0.0038000001,0.0351999998,0.0328000002,0.003,0.0005
0.2437999994,0.0313999988,0.0109000001,0.001,0.0329999998,0.0311999992,0.0027000001,0.0005
0.2495000064,0.0263,0.0388000011,0.0023000001,0.0331000015,0.0315000005,0.0035000001,0.0006
0.2132000029,0.0282000005,0.0807999969,0.0038000001,0.0359999985,0.0339000002,0.0044,0.0007
0.1388999969,0.0282000005,0.4287,0.0266999993,0.0474999994,0.0452000014,0.0035999999,0.0009
0.1715999991,0.0303000007,0.1640000045,0.0062000002,0.0406000018,0.0355000012,0.0038999999,0.0007
0.1353999972,0.0287999995,0.4014999866,0.0206000004,0.0463999994,0.0432999991,0.0034,0.0008
0.2452999949,0.0291000009,0.0132999998,0.0011,0.0311999992,0.0302000009,0.0017,0.0004
0.1943999976,0.0295000002,0.1084999964,0.0046000001,0.0386000015,0.0348999985,0.0048000002,0.0008
0.4250999987,0.0252,0.4056999981,0.6279000044,0.0379999988,0.0373000018,0.0011,0.0035999999
0.3477999866,0.0218000002,0.5263000131,0.238199994,0.0335999988,0.0364000015,0.0018,0.0015
0.2416999936,0.0344999991,0.0076000001,0.0007,0.0313999988,0.0310999993,0.0013,0.0003
0.2494000047,0.0267999992,0.0215000007,0.0015,0.0320000015,0.0306000002,0.0023000001,0.0004
0.1453000009,0.1964000016,0.0013,0.0003,0.0533000007,0.0671999976,0.0012000001,0.0003
0.1567000002,0.1689999998,0.0016,0.0003,0.0496000014,0.0595999993,0.0008,0.0002
0.2046999931,0.0768000036,0.0029,0.0004,0.0425999984,0.0447000004,0.0018,0.0004
0.3955000043,0.0219000001,0.5135999918,0.3964000046,0.0331000015,0.0328000002,0.0014,0.0017
0.2500999868,0.0267999992,0.0222999994,0.0015,0.0311999992,0.0307,0.0018,0.0004
0.2002000064,0.0282000005,0.1014999971,0.0043000001,0.0364000015,0.0335000008,0.0029,0.0005
0.3025000095,0.0222999994,0.5177999735,0.1737000048,0.0357999988,0.0390000008,0.0020999999,0.0014
0.1692000031,0.0305000003,0.1711000055,0.0065000001,0.0410999991,0.0361000001,0.0041999999,0.0007
0.2910999954,0.0225000009,0.5120999813,0.1564999968,0.0359999985,0.0395999998,0.0020999999,0.0013
0.1969999969,0.0859000012,0.0026,0.0004,0.0428000018,0.0458999984,0.0014,0.0003
0.183799997,0.1128000021,0.0020999999,0.0003,0.0445999987,0.0505000018,0.0009,0.0003
0.3822000027,0.0216000006,0.5266000032,0.3346000016,0.0348000005,0.0344999991,0.0018,0.0018
0.4041000009,0.0218000002,0.5015000105,0.4499999881,0.0350000001,0.0329999998,0.0016,0.0023000001
0.2496999949,0.0267999992,0.0289999992,0.0019,0.0337999985,0.0313000008,0.0038000001,0.0006
0.2497999966,0.0266999993,0.0351000018,0.0022,0.0335999988,0.0318999998,0.0038999999,0.0006
0.4140999913,0.0218000002,0.4790000021,0.5212000012,0.0351000018,0.0324999988,0.0016,0.0027999999
0.139200002,0.0282000005,0.4336000085,0.0280000009,0.0469999984,0.0458999984,0.0029,0.0008
0.2459000051,0.0288999993,0.0140000004,0.0012000001,0.0317000002,0.0303000007,0.0020000001,0.0004
0.1466999948,0.0271000005,0.4535000026,0.0357000008,0.0494000018,0.0469000004,0.0044,0.0012000001
0.2397000045,0.0344999991,0.0074,0.0008,0.0326999985,0.0315000005,0.0022,0.0004
0.2497999966,0.0266999993,0.0350000001,0.0022,0.0335999988,0.0320000015,0.0040000002,0.0007
0.2486999929,0.0258000009,0.0454999991,0.0024999999,0.0310999993,0.0322000012,0.0022,0.0004
0.2488999963,0.0260000005,0.0397000015,0.0023000001,0.0324000008,0.0313000008,0.0029,0.0005
0.2433999926,0.0313000008,0.0107000005,0.001,0.0324999988,0.0308999997,0.0023000001,0.0004
0.1701000035,0.1396999955,0.0018,0.0003,0.0471000001,0.0548,0.0009,0.0002
0.234799996,0.0434000008,0.0046999999,0.0006,0.0353999995,0.0351999998,0.0019,0.0004
0.3882000148,0.0217000004,0.5228999853,0.3605000079,0.0346000008,0.0339000002,0.0017,0.0018
0.2475000024,0.0263999999,0.0509000011,0.0027999999,0.0331000015,0.0326999985,0.0038999999,0.0006
0.4235999882,0.0309999995,0.3203000128,0.6783999801,0.0524999984,0.0623999983,0.0009,0.0057000001
0.4253000021,0.0241999999,0.4264000058,0.6079999804,0.0350000001,0.0342000015,0.001,0.0029
0.1551000029,0.0306000002,0.234799996,0.0089999996,0.0434000008,0.0386000015,0.0048000002,0.0009
0.1325999945,0.0293000005,0.3542999923,0.0149999997,0.0450999998,0.0408000015,0.0029,0.0006
0.3341999948,0.0219000001,0.5304999948,0.2260999978,0.0357999988,0.0375000015,0.0023000001,0.0017
0.2409999967,0.0320000015,0.0088,0.0008,0.0307999998,0.0306000002,0.0015,0.0003
0.242899999,0.0310999993,0.0104,0.001,0.0315999985,0.0307,0.0019,0.0004
0.4219999909,0.0231999997,0.4271999896,0.6065999866,0.0384999998,0.0362999998,0.0015,0.0040000002
0.2324000001,0.0264999997,0.0593999997,0.003,0.0331000015,0.0317000002,0.0031000001,0.0005
0.1471000016,0.0271000005,0.4541000128,0.0359999985,0.0493000001,0.0469000004,0.0041999999,0.0011
0.2493000031,0.0276999995,0.0197000001,0.0015,0.0335999988,0.0304000005,0.0031999999,0.0006
0.2453999966,0.0309999995,0.0111999996,0.0009,0.0309999995,0.0299999993,0.0014,0.0003
0.1772000045,0.126000002,0.0019,0.0003,0.0458000004,0.0527999997,0.0009,0.0003
0.1825000048,0.1137999967,0.0020999999,0.0003,0.0450000018,0.050999999,0.001,0.0003
0.2073000073,0.0684999973,0.0031000001,0.0004,0.0390999988,0.0414000005,0.0012000001,0.0003
0.1951999962,0.0284000002,0.110799998,0.0046000001,0.0368999988,0.0339000002,0.0027999999,0.0005
0.2485000044,0.0260000005,0.0313000008,0.0020000001,0.0318999998,0.0309999995,0.0024000001,0.0005
0.1881999969,0.0241999999,0.4704000056,0.058600001,0.0432000011,0.0456999987,0.0027999999,0.001
0.1664000005,0.0306000002,0.1818999946,0.0068999999,0.0419000015,0.0373000018,0.0049000001,0.0008
0.1617999971,0.0256999992,0.465200007,0.0447999984,0.0478000008,0.0469999984,0.0037,0.0011
0.2248000056,0.0267999992,0.0675000027,0.0033,0.0337000005,0.0320000015,0.003,0.0005
0.1441999972,0.0302000009,0.2824999988,0.0109000001,0.0441000015,0.0386000015,0.0040000002,0.0008
0.2287999988,0.0467000008,0.0044,0.0005,0.0346999988,0.0355000012,0.0012000001,0.0003
0.3600000143,0.0215000007,0.524600029,0.2544000149,0.0322000012,0.0353999995,0.0015,0.0014
0.1747000068,0.1272999942,0.0019,0.0003,0.0467999987,0.0540000014,0.0011,0.0003
0.243599996,0.0315000005,0.0107000005,0.001,0.0329999998,0.0311999992,0.0026,0.0005
0.3084000051,0.0221999995,0.5217000246,0.1844000071,0.0361000001,0.0386999995,0.0022,0.0015
0.2361000031,0.0386000015,0.0052999998,0.0006,0.0331999995,0.0326999985,0.0016,0.0003
0.398999989,0.0215000007,0.5112000108,0.423299998,0.0366000012,0.0340000018,0.0020000001,0.0026
0.2380000055,0.0355000012,0.0063999998,0.0007,0.0320999995,0.0318000019,0.0016,0.0003
0.2664999962,0.0228000004,0.508400023,0.1318999976,0.0388000011,0.0412999988,0.0026,0.0014
0.2502000034,0.0263,0.0493000001,0.0027000001,0.0331000015,0.0326000005,0.0038999999,0.0006
0.1686999947,0.0252,0.4636000097,0.0471000001,0.0454999991,0.0465999991,0.0031000001,0.001
0.4160999954,0.0220999997,0.474999994,0.5314999819,0.0339000002,0.0322999991,0.0013,0.0024999999
0.1714999974,0.0296999998,0.1708000004,0.0063999998,0.0401000008,0.0357999988,0.0029,0.0005
0.2416000068,0.0318000019,0.0093,0.0009,0.0313000008,0.0307,0.0017,0.0004
0.1444000006,0.0302000009,0.2818000019,0.0109000001,0.0441000015,0.0386000015,0.0041,0.0008
0.4228999913,0.0225000009,0.4542999864,0.5734000206,0.0322999991,0.0320000015,0.0009,0.0023000001
0.1940000057,0.0912000015,0.0024999999,0.0004,0.0436999984,0.0472000018,0.0014,0.0003
0.4246000051,0.0236000009,0.4332000017,0.6014999747,0.0359999985,0.0342000015,0.0012000001,0.0031999999
0.252700001,0.023,0.4966999888,0.1105000004,0.0377999991,0.0419000015,0.0022,0.0011
0.2440000027,0.0313999988,0.0102000004,0.0009,0.0307999998,0.0304000005,0.0014,0.0003
0.1978999972,0.0285,0.1075000018,0.0044,0.0362999998,0.0342000015,0.0024999999,0.0005
0.4230000079,0.0242999997,0.4120000005,0.6208000183,0.0390000008,0.0373000018,0.0014,0.0041
0.2036000043,0.0762000009,0.0029,0.0004,0.0414999984,0.0438000001,0.0015,0.0003
0.4266000092,0.0294000003,0.347600013,0.6796000004,0.0417999998,0.0465000011,0.0008,0.0038999999
0.2236000001,0.053199999,0.0040000002,0.0005,0.0359000005,0.0366000012,0.0011,0.0003
0.1360999942,0.0295000002,0.3258999884,0.0136000002,0.0456999987,0.0403000005,0.0046000001,0.0009
0.242899999,0.0322000012,0.0099999998,0.0009,0.0331000015,0.0313999988,0.0026,0.0005
0.224999994,0.0233999994,0.4846999943,0.0835999995,0.0397000015,0.0436999984,0.0023000001,0.001
0.2440000027,0.0307999998,0.0108000003,0.0009,0.0307999998,0.0303000007,0.0015,0.0003
0.2327000052,0.0231999997,0.4999000132,0.1004000008,0.0419000015,0.0432999991,0.0031999999,0.0014
0.1659000069,0.0306000002,0.1838999987,0.0070000002,0.0416000001,0.0364999995,0.0043000001,0.0008
0.4190999866,0.0220999997,0.4668000042,0.5534999967,0.0318000019,0.0320000015,0.0009,0.0020999999
0.4172999859,0.0221999995,0.4724000096,0.5393999815,0.0326000005,0.0320999995,0.001,0.0022
0.1634999961,0.1525000036,0.0017,0.0003,0.0500999987,0.059799999,0.0014,0.0003
0.4061999917,0.0217000004,0.4968000054,0.4663999975,0.0357000008,0.0331999995,0.0018,0.0026
0.1433999985,0.0274999999,0.4451000094,0.0324000008,0.0489999987,0.0461000018,0.0041999999,0.0011
0.409799993,0.0217000004,0.488499999,0.491899997,0.0355000012,0.0329000019,0.0017,0.0027999999
0.4242999852,0.0230999999,0.4438999891,0.5866000056,0.0337000005,0.0326000005,0.001,0.0026
0.1706999987,0.0305000003,0.1650999933,0.0063,0.0412999988,0.0366999991,0.0046999999,0.0008
0.2488999963,0.0262000002,0.0318999998,0.0019,0.0310999993,0.0313999988,0.0020000001,0.0004
0.2321999967,0.0263999999,0.0599999987,0.003,0.0328000002,0.0318999998,0.0029,0.0005
0.2496999949,0.0265999995,0.0254999995,0.0017,0.0324999988,0.0307999998,0.0027000001,0.0005
0.2423000038,0.0342999995,0.0078999996,0.0007,0.0313999988,0.0308999997,0.0013,0.0003
0.4275000095,0.0286999997,0.3556999862,0.675999999,0.0390999988,0.0441000015,0.0007,0.0034
0.240899995,0.0326000005,0.0086000003,0.0008,0.0315000005,0.0308999997,0.0018,0.0004
0.2081999928,0.0700000003,0.0031000001,0.0005,0.0405000001,0.0423999988,0.0016,0.0003
0.2493000031,0.0275999997,0.0197000001,0.0015,0.0333999991,0.0304000005,0.0031000001,0.0005
0.2427999973,0.0320999995,0.0098999999,0.0009,0.0329000019,0.0313000008,0.0024999999,0.0005
0.1477999985,0.0271000005,0.4476999938,0.0337999985,0.0467999987,0.0467999987,0.0031000001,0.0009
0.2476000041,0.0288999993,0.0146000003,0.0011,0.0309999995,0.0302000009,0.0016,0.0003
0.4183999896,0.0219999999,0.467900008,0.5453000069,0.0346999988,0.0324000008,0.0014,0.0027999999
0.241899997,0.0322999991,0.0093,0.0009,0.0322999991,0.0309999995,0.0022,0.0004
0.4074999988,0.0218000002,0.493900001,0.4747000039,0.0353000015,0.0329000019,0.0016,0.0024999999
0.1561000049,0.0306000002,0.2293000072,0.0087000001,0.0430000015,0.0377999991,0.0044,0.0008
0.2488999963,0.0263,0.0302000009,0.0019,0.0324000008,0.0309999995,0.0027999999,0.0005
0.1339000016,0.0291000009,0.3610999882,0.0164999999,0.0465000011,0.0412999988,0.0044999998,0.0009
0.1773000062,0.0303000007,0.1441999972,0.0055,0.0403000005,0.0353999995,0.0044,0.0008
