Dur,daytime,sTos,dTos,SrcBytes,DstBytes,SrcLoad,DstLoad,SrcRate,DstRate,SrcPkts,DstPkts,Proto,Sport,Dport
0.03585049669361082,0.8010100126266478,212,0,177,173,4188,4064,517,5,0,0,Proto-tcp,Sport-other,Dport-https
0.008554714023112872,0.7928378582000732,198,0,181,172,238,3223,5,5,2,2,Proto-tcp,Sport-other,Dport-https
0.049775468914508424,0.7371827363967894,38,0,177,173,6193,2689,5,5,2,2,Proto-tcp,Sport-other,Dport-https
0.050751473109721716,0.7704746127128601,43,0,177,173,4177,4036,4,37,2,2,Proto-tcp,Sport-other,Dport-https
0.042191543797015944,0.779728889465332,46,0,181,8333,2847,4030,5,13,2,2,Proto-tcp,Sport-other,Dport-https
0.005122755454539867,0.7965660095214844,174,0,177,173,5233,2191,8197,0,2,2,Proto-tcp,Sport-other,Dport-https
0.005573058458804622,0.8078855276107789,43,0,177,173,6161,3713,5,5,2,2,Proto-tcp,Sport-other,Dport-https
0.039093512770652435,0.7948305606842042,176,0,177,173,4145,2697,5,5,2,2,Proto-tcp,Sport-other,Dport-https
0.02832572786092738,0.8007063269615173,38,0,177,173,5242,3478,5,5,2,2,Proto-tcp,Sport-other,Dport-https
0.018490287722110633,0.7977963685989379,38,0,177,173,4209,2955,5,5,2,2,Proto-tcp,Sport-other,Dport-https
0.018576861529349908,0.8026995658874511,176,0,177,173,5224,3486,5,5,2,2,Proto-tcp,Sport-other,Dport-https
0.023010602724551913,0.8187280893325805,240,0,177,173,4212,4068,4,5,2,2,Proto-tcp,Sport-other,Dport-https
0.003151674005031368,0.8147170543670654,177,32,185,173,4176,4032,4,4,10,2,Proto-tcp,Sport-other,Dport-https
0.018566281941890476,0.7825616598129272,11,0,177,141,788,4064,20,5,2,2,Proto-tcp,Sport-other,Dport-https
0.009676001285552564,0.7983605861663817,1,0,177,45,1860,4072,5,4,512,2,Proto-tcp,Sport-other,Dport-https
0.01214119417190545,0.8250038623809814,208,0,185,173,5354,7254,5,5,2,2,Proto-tcp,Sport-other,Dport-https
0.022026403074264424,0.7731722593307494,54,0,177,173,5226,3486,5,7,2,0,Proto-tcp,Sport-other,Dport-https
0.002519878922939224,0.8096660971641539,46,0,177,173,4202,3479,5,5,2,2,Proto-tcp,Sport-other,Dport-https
0.018763419888496054,0.7902755737304686,13,0,177,173,1796,3816,4,5,2,2,Proto-tcp,Sport-other,Dport-https
0.021029537720680044,0.7818626761436462,46,0,177,173,4145,3713,5,5,2,2,Proto-tcp,Sport-other,Dport-https
0.006969713011741336,0.7731795310974121,43,0,177,173,4117,3713,5,5,2,2,Proto-tcp,Sport-other,Dport-https
0.0007395280642507868,0.8226317167282104,11,0,177,301,3862,813,5,0,2,2,Proto-tcp,Sport-other,Dport-https
0.01915590768241853,0.7814204692840576,177,0,251,10381,4124,3952,5,4,2,2,Proto-tcp,Sport-other,Dport-https
0.01936690339851362,0.7716568708419799,11,0,177,141,1812,4064,5,5,2,2,Proto-tcp,Sport-other,Dport-https
0.0037813829712865545,0.807349920272827,11,0,177,397,1813,4064,4,5,2,2,Proto-tcp,Sport-other,Dport-https
0.005293220920085904,0.78984135389328,177,0,6240,417,2639,1214,5,5,2,2,Proto-tcp,Sport-other,Dport-https
0.028265826534747646,0.8060138225555421,43,0,177,173,4176,4032,4,5,2,2,Proto-tcp,Sport-other,Dport-https
0.019514421589851113,0.7686212062835692,47,0,177,173,4145,2701,5,5,2,2,Proto-tcp,Sport-other,Dport-https
0.075380454699039,0.7846907377243043,38,0,177,173,4216,12196,36,5,2,2,Proto-tcp,Sport-other,Dport-https
0.019303872898578444,0.7769789695739746,43,0,179,13,1831,3721,5,5,2,2,Proto-tcp,Sport-other,Dport-https
0.028250180665969456,0.7842956781387329,208,0,49,173,4168,3890,1,4,2,2,Proto-tcp,Sport-other,Dport-https
0.04839952651166916,0.7867778539657592,178,0,177,173,5729,2447,5,5,2,0,Proto-tcp,Sport-other,Dport-https
0.042485835138320736,0.7579205632209779,196,0,8289,45,1796,3816,5,5,2,2,Proto-tcp,Sport-other,Dport-https
0.01383109700822797,0.7943512201309203,205,0,177,45,1924,3808,132,5,2,2,Proto-tcp,Sport-other,Dport-https
0.08730305373287173,0.7572795152664183,41,0,177,45,3846,958,5,13,2,0,Proto-tcp,Sport-other,Dport-https
0.006620139600753648,0.8254539966583253,174,0,177,173,4141,3713,5,5,2,2,Proto-tcp,Sport-other,Dport-https
0.05151052125787733,0.7911083698272705,178,0,177,173,5735,2187,5,5,2,2,Proto-tcp,Sport-other,Dport-https
0.0010873133759497962,0.8418925404548645,11,0,177,173,12379,3713,5,5,2,2,Proto-tcp,Sport-other,Dport-https
0.033939018553733775,0.7485422492027282,178,0,177,173,4273,2697,5,5,2,2,Proto-tcp,Sport-other,Dport-https
0.0129866671190257,0.7900927662849425,208,0,241,173,2126,3698,5,5,2,2,Proto-tcp,Sport-other,Dport-https
0.033021425601958816,0.812823712825775,240,0,177,173,4192,10654,1,512,2,0,Proto-tcp,Sport-other,Dport-https
0.025691708600044,0.7803335189819336,176,0,177,173,4202,3666,5,5,2,2,Proto-tcp,Sport-other,Dport-https
0.03939272138500184,0.8097133636474609,240,0,185,173,234,3543,5,5,3,2,Proto-tcp,Sport-other,Dport-https
0.051313234302997106,0.7500612735748291,47,0,177,141,4180,4064,5,5,0,2,Proto-tcp,Sport-other,Dport-https
0.0009991004776949799,0.8276255130767822,43,0,177,173,4176,4032,133,4,0,2,Proto-tcp,Sport-other,Dport-https
0.011616983063697805,0.8116140365600587,38,0,177,173,4145,2701,7,5,2,2,Proto-tcp,Sport-other,Dport-https
0.014628291274547395,0.7732222080230714,46,0,180,173,2590,139070,5,5,2,0,Proto-tcp,Sport-other,Dport-https
0.07329225274610505,0.7586815357208253,177,0,4219,141,860,4064,5,4,2,2,Proto-tcp,Sport-other,Dport-https
0.0017961457357402652,0.8048640489578246,41,0,177,45,3970,1598,5,5,3,2,Proto-tcp,Sport-other,Dport-https
0.02770481038284295,0.8166371583938599,176,0,177,173,4149,2697,5,5,2,0,Proto-tcp,Sport-other,Dport-https
0.007398856841087227,0.7739659547805786,75,0,177,61,1831,3737,5,1,2,2,Proto-tcp,Sport-other,Dport-https
0.003628053457260105,0.7952333688735963,43,0,177,173,4179,4033,5,5,2,2,Proto-tcp,Sport-other,Dport-https
0.0052245281057354135,0.7871723175048829,46,0,177,189,4202,3954,5,5,2,2,Proto-tcp,Sport-other,Dport-https
0.0006098407355775226,0.8204696178436278,38,0,177,165,5224,3487,5,1,2,0,Proto-tcp,Sport-other,Dport-https
0.06597520144748663,0.7790160179138182,176,0,177,173,4273,2187,5,5,2,2,Proto-tcp,Sport-other,Dport-https
0.022382532849311763,0.7751789093017578,246,0,177,173,4201,3470,5,5,2,2,Proto-tcp,Sport-other,Dport-https
0.03005005160856222,0.7526639699935913,199,0,177,45,1798,1772,5,5,2,0,Proto-tcp,Sport-other,Dport-https
0.03613674158811555,0.7949649691581726,182,0,177,173,4860,4094,533,5,2,2,Proto-tcp,Sport-other,Dport-https
0.013801444361686632,0.7780009508132935,97,0,177,685,3786,1591,5,5,0,2,Proto-tcp,Sport-other,Dport-https
0.006169538579940613,0.7990418672561644,240,0,177,173,4202,3543,5,5,2,2,Proto-tcp,Sport-other,Dport-https
0.011183667002677498,0.795495867729187,38,0,177,173,5226,3159,5,5,2,2,Proto-tcp,Sport-other,Dport-https
0.017122540774345055,0.7898652553558348,38,0,177,173,4216,4032,5,13,0,2,Proto-tcp,Sport-other,Dport-https
0.005842763434886829,0.8272457718849182,46,0,177,173,4177,3777,5,5,34,2,Proto-tcp,Sport-other,Dport-https
0.013716658653736034,0.8027781844139099,11,0,177,269,1797,3809,4,5,2,2,Proto-tcp,Sport-other,Dport-https
0.024737608621120268,0.7895292043685913,242,0,177,173,4213,2446,5,5,2,2,Proto-tcp,Sport-other,Dport-https
0.040336688801288566,0.7879640460014342,240,0,177,8365,4139,2699,5,5,2,2,Proto-tcp,Sport-other,Dport-https
0.04763183588361693,0.8174864053726195,38,0,177,173,4145,2697,5,5,2,2,Proto-tcp,Sport-other,Dport-https
0.0074003469238281255,0.7939672470092772,47,0,177,141,340,4064,4,5,2,2,Proto-tcp,Sport-other,Dport-https
0.01063814771127685,0.8065367937088013,75,0,16561,45,1799,3817,5,1,2,2,Proto-tcp,Sport-other,Dport-https
0.037260114966392206,0.7720881700515747,212,0,97,45,3978,3634,5,5,0,2,Proto-tcp,Sport-other,Dport-https
0.03147695484113683,0.8011192083358765,240,0,177,173,4330,3223,5,5,2,2,Proto-tcp,Sport-other,Dport-https
0.03537292517518996,0.7436409592628478,240,0,8289,45,1799,684,5,1,2,0,Proto-tcp,Sport-other,Dport-https
0.007286504602432247,0.792109489440918,178,0,177,173,5226,3478,5,5,2,2,Proto-tcp,Sport-other,Dport-https
0.005092804791450249,0.7816637754440308,46,0,177,173,4218,3518,5,5,2,2,Proto-tcp,Sport-other,Dport-https
0.05207690170764906,0.7762057781219481,230,0,177,173,4141,2697,3,1,2,2,Proto-tcp,Sport-other,Dport-https
0.009810555757045389,0.79018235206604,47,0,177,173,7203,3721,5,5,2,0,Proto-tcp,Sport-other,Dport-https
0.013439056239127911,0.7758986353874207,176,0,177,173,4149,2697,5,5,2,2,Proto-tcp,Sport-other,Dport-https
0.02046673346948617,0.7626167535781859,79,0,420,41,3842,131246,5,13,2,0,Proto-tcp,Sport-other,Dport-https
0.07505278550434089,0.7601981163024902,166,0,177,173,4203,3462,5,5,2,2,Proto-tcp,Sport-other,Dport-https
0.024855325157642282,0.7813911437988281,46,0,177,173,4145,3713,7,1,2,0,Proto-tcp,Sport-other,Dport-https
0.023313387537479177,0.7592641115188599,182,0,176,4260,234,3478,5,5,2,2,Proto-tcp,Sport-other,Dport-https
0.007860484474182115,0.8204100131988524,196,0,177,180,235,3222,5,5,2,2,Proto-tcp,Sport-other,Dport-https
0.033544295635700196,0.7577873468399047,182,0,177,173,4202,3551,5,5,2,2,Proto-tcp,Sport-other,Dport-https
0.0006960176482199383,0.8316878080368043,11,0,177,269,36613,4064,5,4,0,2,Proto-tcp,Sport-other,Dport-https
0.04548119946384385,0.7985378503799438,177,0,187,2189,4188,4080,4,5,2,2,Proto-tcp,Sport-other,Dport-https
0.025196405097007497,0.7917366623878478,239,0,51,131213,45,3721,5,5,2,2,Proto-tcp,Sport-other,Dport-https
0.009835291130542611,0.8067443370819091,196,0,241,45,1798,556,5,5,2,2,Proto-tcp,Sport-other,Dport-https
0.1131294658126827,0.7586419582366942,240,0,177,189,84,4068,36,5,2,2,Proto-tcp,Sport-other,Dport-https
0.003099372100829766,0.7966092824935913,75,0,177,173,3998,7987,5,4,0,2560,Proto-tcp,Sport-other,Dport-https
0.024303249502181982,0.7919595837593079,198,0,177,173,4714,3954,5,5,2,2,Proto-tcp,Sport-other,Dport-https
0.018027915047645546,0.7999913096427916,198,0,55,45,533,2701,5,1,2,2,Proto-tcp,Sport-other,Dport-https
0.009764363192081021,0.7841917276382446,9,0,177,45,3862,3962,5,5,2,2,Proto-tcp,Sport-other,Dport-https
0.0004560775478120194,0.8501517176628112,1,0,177,13,18244,3808,4,5,2,2,Proto-tcp,Sport-other,Dport-https
0.05423916077280004,0.8104076385498048,46,0,183,173,21,3717,4,5,2,2,Proto-tcp,Sport-other,Dport-https
0.01041761546564081,0.8014776706695556,43,0,177,173,4180,4032,4,69,2,2,Proto-tcp,Sport-other,Dport-https
0.04568623484897584,0.7537244558334351,176,0,177,173,4208,11660,4,37,2,2,Proto-tcp,Sport-other,Dport-https
0.0010013356018065782,0.8399049043655396,47,8,177,173,6225,3776,36,5,2,2,Proto-tcp,Sport-other,Dport-https
0.01008577403926827,0.7608771324157715,46,0,177,173,4117,3777,5,5,2,2,Proto-tcp,Sport-other,Dport-https
0.01233281881236985,0.7995154857635498,43,0,177,13,3860,3936,5,13,2,2,Proto-tcp,Sport-other,Dport-https
0.021641365694045938,0.8064458966255189,46,0,177,173,4176,4032,4,4,10,32770,Proto-tcp,Sport-other,Dport-https
0.004863034032821535,0.7887424826622009,46,0,177,173,6177,3721,5,5,2,2,Proto-tcp,Sport-other,Dport-https
0.00997386882543521,0.7955092191696168,231,0,183,173,4700,3890,5,0,2,2,Proto-tcp,Sport-other,Dport-https
0.017975464135169802,0.7717435359954835,176,0,177,173,4213,3725,4,5,2,2,Proto-tcp,Sport-other,Dport-https
0.059088635052680846,0.7996060848236085,240,0,177,173,5226,3159,5,5,2,2,Proto-tcp,Sport-other,Dport-https
0.017416385090827925,0.8025245666503905,185,0,187,13,3860,4064,5,5,2,2,Proto-tcp,Sport-other,Dport-https
0.031162100358009235,0.8001081943511962,240,0,177,164,4330,3478,5,5,2,2,Proto-tcp,Sport-other,Dport-https
0.020566121988296476,0.7702887058258056,59,0,177,173,4133,3713,5,5,2,2,Proto-tcp,Sport-other,Dport-https
0.01995071781635272,0.7806819677352905,9,0,177,13,1812,4068,5,4,0,2,Proto-tcp,Sport-other,Dport-https
0.022755649567604057,0.7853307723999022,43,0,177,13,277,2796,5,5,2,2,Proto-tcp,Sport-other,Dport-https
0.014383172663688272,0.7928258180618286,177,0,8307,8365,1796,3936,5,4,0,2,Proto-tcp,Sport-other,Dport-https
0.023841919885635374,0.766114592552185,176,0,177,2221,4193,3215,5,5,2,2,Proto-tcp,Sport-other,Dport-https
0.006181310233592664,0.8038018941879272,212,0,97,45,3843,685,5,5,2,2,Proto-tcp,Sport-other,Dport-https
0.024910160202502765,0.821253776550293,208,0,96,297,3778,1206,5,5,2,2,Proto-tcp,Sport-other,Dport-https
0.0510252013092037,0.8067141771316528,176,0,177,173,4193,2191,5,5,2,0,Proto-tcp,Sport-other,Dport-https
0.03946558643102625,0.7856251001358032,212,0,96,297,3635,653,5,5,2,0,Proto-tcp,Sport-other,Dport-https
0.00828173086500159,0.812729001045227,193,4,241,173,1798,3880,5,5,0,2,Proto-tcp,Sport-other,Dport-https
0.02625034061956396,0.8121259212493896,240,0,177,172,234,3222,5,5,2,2,Proto-tcp,Sport-other,Dport-https
0.010583312666415871,0.8551399707794188,197,0,353,684,68826,5782,5,5,2,2,Proto-tcp,Sport-other,Dport-https
0.0018031491246223402,0.8178856372833253,11,0,177,397,34588,4064,4,5,2,2,Proto-tcp,Sport-other,Dport-https
0.007767056286334901,0.78322696685791,69,0,177,45,1798,1644,5,13,18,2,Proto-tcp,Sport-other,Dport-https
0.00867064246034621,0.7916836738586426,43,0,177,141,1797,3809,4,5,2,2,Proto-tcp,Sport-other,Dport-https
0.020744186875820147,0.7534835934638977,43,0,177,173,6687,134590,5,5,2,2,Proto-tcp,Sport-other,Dport-https
0.04070980551958036,0.7776885032653807,176,0,185,173,53,3737,5,5,2,2,Proto-tcp,Sport-other,Dport-https
0.0022455546903606812,0.8168165683746339,47,0,177,173,45,3713,5,5,2,2,Proto-tcp,Sport-other,Dport-https
0.0010110211396216712,0.8407561779022216,38,0,177,173,4192,12226,2052,21,2,2,Proto-tcp,Sport-other,Dport-https
0.00019730810925265541,0.8899506330490112,47,0,177,141,340,4064,4,5,2,2,Proto-tcp,Sport-other,Dport-https
0.01259760651540744,0.7796392440795897,196,0,225,173,4034,1214,5,5,2,0,Proto-tcp,Sport-other,Dport-https
0.015418929176807166,0.8239176273345947,47,0,177,157,4188,4080,5,5,2,2,Proto-tcp,Sport-other,Dport-https
0.12491527525091149,0.7705250978469848,176,0,177,173,5758,3582,5,5,2,2,Proto-tcp,Sport-other,Dport-https
0.022867852797984898,0.8051886558532714,230,0,177,173,5736,3294,5,5,2,0,Proto-tcp,Sport-other,Dport-https
0.02009227567672712,0.7929590940475463,196,0,97,684,3290,1174,5,5,2,0,Proto-tcp,Sport-other,Dport-https
0.04274093730354273,0.8075070977210999,46,0,177,173,4129,2689,5,5,2,2,Proto-tcp,Sport-other,Dport-https
0.06602333112001381,0.7880457043647766,15,0,421,45,1798,5100,181,5,2,2,Proto-tcp,Sport-other,Dport-https
0.13543749452495552,0.7564165592193604,46,0,183,173,4157,2206,5,5,2,2,Proto-tcp,Sport-other,Dport-https
0.010940336491107554,0.8035690188407899,46,0,177,173,4139,3713,1,1,2,2,Proto-tcp,Sport-other,Dport-https
0.011823210515021916,0.7989865541458131,46,0,181,173,47,3713,5,5,2,2,Proto-tcp,Sport-other,Dport-https
0.0036112155222887965,0.80058753490448,38,0,177,173,4200,3230,5,5,2,2,Proto-tcp,Sport-other,Dport-https
0.020271532630443404,0.8223648071289062,196,0,8289,45,3970,686,5,5,2,0,Proto-tcp,Sport-other,Dport-https
0.02857784986066808,0.791908860206604,11,0,177,65549,1812,3936,5,4,0,2,Proto-tcp,Sport-other,Dport-https
0.03326505413007704,0.7754802107810974,46,0,177,173,4193,2439,5,5,2,2,Proto-tcp,Sport-other,Dport-https
0.046319818030357174,0.7618144750595092,176,0,177,173,4129,2187,5,5,2,2,Proto-tcp,Sport-other,Dport-https
0.003069421437740147,0.8109626770019531,46,0,177,173,35,3713,5,5,2,2,Proto-tcp,Sport-other,Dport-https
0.05001999149227099,0.8249014616012573,176,0,177,173,33,2190,5,5,2,2,Proto-tcp,Sport-other,Dport-https
0.0029067044024463848,0.8133470416069031,9,0,177,45,69415,204,5,5,2,2,Proto-tcp,Sport-other,Dport-https
0.0050107012324331675,0.7967382669448851,178,0,177,173,4853,2191,5,5,2,2,Proto-tcp,Sport-other,Dport-https
0.03655113359832759,0.8011091947555542,177,0,177,173,234,3479,5,5,2,2,Proto-tcp,Sport-other,Dport-https
0.025833415468692538,0.7880314588546754,111,0,183,173,53,3737,5,5,2,0,Proto-tcp,Sport-other,Dport-https
0.05352272899103144,0.7652666568756102,38,0,177,173,4344,11678,5,5,2,2,Proto-tcp,Sport-other,Dport-https
0.006737558120727383,0.8268371820449829,47,0,177,45,1798,1640,5,512,2,2,Proto-tcp,Sport-other,Dport-https
0.015824231682300172,0.7905004024505614,240,0,177,173,5224,3550,5,5,2,2,Proto-tcp,Sport-other,Dport-https
0.02625794004154159,0.7820883989334105,177,0,113,8493,3870,3954,5,5,2,2,Proto-tcp,Sport-other,Dport-https
0.0368118980779644,0.7708853483200073,46,0,177,173,4145,2187,5,5,2,0,Proto-tcp,Sport-other,Dport-https
0.04000022811841919,0.8150579929351807,190,0,177,173,4145,2697,5,5,2,2,Proto-tcp,Sport-other,Dport-https
0.018207619026183754,0.767084240913391,43,0,177,173,4145,3717,4,5,2,2,Proto-tcp,Sport-other,Dport-https
0.030568451394080907,0.8039506673812865,199,0,183,173,12309,3713,5,1,2,2,Proto-tcp,Sport-other,Dport-https
0.06648525676965697,0.7676333189010621,212,0,246,172,2282,3223,5,5,2,2,Proto-tcp,Sport-other,Dport-https
0.05877869784259787,0.768074631690979,178,0,177,173,4202,3159,5,5,0,0,Proto-tcp,Sport-other,Dport-https
0.03308818130874599,0.7942689657211303,177,0,96,1184,2051,1166,5,5,2,0,Proto-tcp,Sport-other,Dport-https
0.031945287846565015,0.7825204133987426,197,0,8225,45,3978,3826,5,5,2,2,Proto-tcp,Sport-other,Dport-https
0.020828972583770745,0.7921458482742308,175,0,179,13,1829,3721,5,1,66,0,Proto-tcp,Sport-other,Dport-https
0.042682675068378036,0.7836941480636596,176,0,177,173,4257,2697,5,5,2,2,Proto-tcp,Sport-other,Dport-https
0.029959156561374385,0.786314070224762,240,0,177,173,2282,3415,5,5,2,2,Proto-tcp,Sport-other,Dport-https
0.022658794189453126,0.8205100893974304,178,0,177,173,4131,3721,5,5,2,0,Proto-tcp,Sport-other,Dport-https
0.015257106191158241,0.8184061050415038,176,0,32945,173,4209,2688,4,5,2,2,Proto-tcp,Sport-other,Dport-https
0.003852459918021783,0.7745063304901123,91,0,177,173,2910,3891,5,5,2,2,Proto-tcp,Sport-other,Dport-https
0.038900547055721275,0.7730773687362672,11,0,177,189,4700,4092,5,5,2,2,Proto-tcp,Sport-other,Dport-https
0.016913184149265008,0.7669473886489869,196,0,8289,8365,3870,8178,1029,5,2,2,Proto-tcp,Sport-other,Dport-https
0.030500652629375253,0.7676939368247987,33,0,691,173,1796,3944,5,4,0,0,Proto-tcp,Sport-other,Dport-https
0.0063873886766431355,0.8088029623031616,208,0,112,429,2250,3222,5,0,2,2,Proto-tcp,Sport-other,Dport-https
0.01026532900953284,0.76723313331604,177,32,243,141,4380,8179,5,5,2,2,Proto-tcp,Sport-other,Dport-https
0.003808502477169015,0.7964473366737365,197,0,97,685,3818,1590,5,5,0,2,Proto-tcp,Sport-other,Dport-https
0.00904405719518628,0.8136453628540038,47,0,180,41,305,2701,5,5,2,2,Proto-tcp,Sport-other,Dport-https
0.007887454971789935,0.7979157567024232,38,0,182,44,35,2697,5,5,2,0,Proto-tcp,Sport-other,Dport-https
0.02498898557949027,0.7684973478317261,1,0,177,45,3970,1595,5,5,0,2,Proto-tcp,Sport-other,Dport-https
0.007406307254791221,0.804701030254364,198,0,182,173,2282,3667,5,5,2,2,Proto-tcp,Sport-other,Dport-https
0.007394237584590889,0.8090487122535706,199,0,51,141,4180,4032,133,12,0,2,Proto-tcp,Sport-other,Dport-https
0.06361640046882612,0.7679176926612854,208,0,177,173,4216,11514,5,13,66,0,Proto-tcp,Sport-other,Dport-https
0.02658531121969194,0.8166916966438292,185,0,144,189,37,3713,5,5,2,2,Proto-tcp,Sport-other,Dport-https
0.02874444111108748,0.7839380502700805,209,4,177,173,1798,3944,5,4,0,0,Proto-tcp,Sport-other,Dport-https
0.03361045530939081,0.7810664176940918,59,32,177,165,4202,3698,5,5,2,2,Proto-tcp,Sport-other,Dport-https
0.03212543884992564,0.8093726634979248,208,0,113,429,3786,3826,5,5,2,2,Proto-tcp,Sport-other,Dport-https
0.007759158847808487,0.7928519248962401,176,0,96,257,533,3748,4,37,2,2,Proto-tcp,Sport-other,Dport-https
0.07720580605649918,0.7805985808372498,198,0,4391,4237,988,4064,5,4,0,2,Proto-tcp,Sport-other,Dport-https
0.009956881882190263,0.8014740347862244,197,0,225,173,4042,3954,5,5,0,2,Proto-tcp,Sport-other,Dport-https
0.0063540108232498,0.7854043245315551,178,0,177,173,4193,2191,5,5,2,2,Proto-tcp,Sport-other,Dport-https
0.02281003758764262,0.7812413573265076,43,0,177,9,1329,717,5,5,2,2,Proto-tcp,Sport-other,Dport-https
0.003213065413951504,0.8123190999031066,46,0,177,173,4177,4032,4,13,2,2,Proto-tcp,Sport-other,Dport-https
0.05719339881467805,0.7494649887084962,174,0,177,189,4700,3954,5,5,2,2,Proto-tcp,Sport-other,Dport-https
0.009772707655429355,0.7972992658615112,176,0,177,173,4129,2697,5,5,2,2,Proto-tcp,Sport-other,Dport-https
0.009620570207595526,0.817912220954895,177,32,179,2189,20,7908,4,5,2,2,Proto-tcp,Sport-other,Dport-https
0.0033356992235181356,0.812490403652191,197,0,161,173,4042,1206,5,5,2,2,Proto-tcp,Sport-other,Dport-https
0.012498665021419051,0.7699040174484254,9,0,177,13,1796,4064,5,4,0,2,Proto-tcp,Sport-other,Dport-https
0.08663668873119314,0.739322543144226,240,0,177,173,4188,36722,5,5,2,2,Proto-tcp,Sport-other,Dport-https
0.023555973007678917,0.7984381914138795,38,0,177,173,4202,3698,5,5,2050,32770,Proto-tcp,Sport-other,Dport-https
0.04922622441625577,0.7597684860229491,11,0,177,13,1813,3808,5,5,0,2,Proto-tcp,Sport-other,Dport-https
0.03829974569463723,0.780556559562683,38,0,177,173,4273,2689,7,5,2,2,Proto-tcp,Sport-other,Dport-https
0.01589992788553224,0.7777211666107178,205,0,51,141,53,3725,8453,192,3088,0,Proto-tcp,Sport-other,Dport-https
0.013174864569186883,0.8030807971954346,1,0,177,13,1797,4064,5,5,0,2,Proto-tcp,Sport-other,Dport-https
0.005616419866561831,0.8249717950820922,9,0,177,13,1797,3808,5,5,2,2,Proto-tcp,Sport-other,Dport-https
0.007594057680129986,0.831531822681427,46,0,177,173,4220,2494,5,5,2,2,Proto-tcp,Sport-other,Dport-https
0.026465210550784685,0.7772552967071533,199,0,421,8365,3998,8051,5,4,2,0,Proto-tcp,Sport-other,Dport-https
0.011546651158332775,0.7888140678405762,197,0,177,32813,1798,1644,5,5,16,0,Proto-tcp,Sport-other,Dport-https
0.019251123969554425,0.7660187482833862,182,0,177,131245,4145,2697,5,5,2,0,Proto-tcp,Sport-other,Dport-https
0.013356505655288411,0.7846215963363646,212,0,181,44,33,2191,5,5,2,2,Proto-tcp,Sport-other,Dport-https
0.020203882874011894,0.7803795337677003,176,0,177,173,5226,3543,5,7,2,0,Proto-tcp,Sport-other,Dport-https
0.018102270176410352,0.7938647270202637,213,0,8289,173,3978,3954,5,5,2,2,Proto-tcp,Sport-other,Dport-https
0.02352706540250778,0.7646138668060303,46,0,177,173,4153,3713,5,1,2,0,Proto-tcp,Sport-other,Dport-https
0.01899378668022133,0.8242535591125488,212,0,177,164,4712,3230,5,5,2,2,Proto-tcp,Sport-other,Dport-https
0.002468173051833681,0.8091850280761719,176,0,177,188,2083,651,5,5,2,2,Proto-tcp,Sport-other,Dport-https
0.005509878950595808,0.8373274803161621,208,0,177,164,2243,3542,5,5,2,2,Proto-tcp,Sport-other,Dport-https
0.007433724777221461,0.8162262439727782,208,0,177,173,4193,2190,5,5,2,2,Proto-tcp,Sport-other,Dport-https
0.004007279514789131,0.8002350926399232,208,0,241,172,234,3222,5,5,2,2,Proto-tcp,Sport-other,Dport-https
0.0028628959698672567,0.7726276516914367,190,0,177,173,6193,3721,5,5,2,2,Proto-tcp,Sport-other,Dport-https
0.03456455528831454,0.7536956667900084,176,0,177,173,4145,3713,5,5,2,2,Proto-tcp,Sport-other,Dport-https
0.01320645432329154,0.8254680633544922,208,0,177,173,4197,2206,5,5,2,0,Proto-tcp,Sport-other,Dport-https
0.004704042204379769,0.7786479592323302,214,0,177,173,4202,3666,5,5,0,0,Proto-tcp,Sport-other,Dport-https
0.00994689832782739,0.784667730331421,246,0,177,173,4200,11378,5,8,0,0,Proto-tcp,Sport-other,Dport-https
0.024766665234565544,0.7923401594161987,182,0,177,173,4137,3713,5,5,2,2,Proto-tcp,Sport-other,Dport-https
0.012340567242622124,0.7851752042770386,43,0,177,173,5233,4045,4,5,2,2,Proto-tcp,Sport-other,Dport-https
0.030148546077728187,0.7661839723587037,166,0,177,173,5233,2701,4,5,2,2,Proto-tcp,Sport-other,Dport-https
0.006099802707671642,0.7821253538131715,46,0,177,173,4145,2697,5,5,2,2,Proto-tcp,Sport-other,Dport-https
0.030778851077079433,0.7726030945777893,201,0,177,173,3998,4083,5,5,2,2,Proto-tcp,Sport-other,Dport-https
0.012948819017410166,0.7841655015945433,196,0,8290,4332,65786,1750,5,5,2,2,Proto-tcp,Sport-other,Dport-https
0.017037457049846178,0.8158304691314697,246,0,177,173,4202,3667,5,5,0,0,Proto-tcp,Sport-other,Dport-https
0.020459879088878228,0.775834560394287,244,0,8289,685,3290,1687,5,5,2,2,Proto-tcp,Sport-other,Dport-https
0.11762593949127158,0.7718955278396606,176,0,177,173,4209,2191,5,5,2,2,Proto-tcp,Sport-other,Dport-https
0.012912610006809173,0.7872850894927977,47,0,132,47,3107,3721,5,5,2,2,Proto-tcp,Sport-other,Dport-https
0.01683987207841868,0.7500506639480592,46,0,180,172,10474,11414,5,5,2,32770,Proto-tcp,Sport-other,Dport-https
0.001091932632446133,0.8003684878349304,177,64,97,1965,3786,1174,5,5,2,0,Proto-tcp,Sport-other,Dport-https
0.0726133710494037,0.7730016708374022,38,0,177,173,4209,4068,260,45,16394,32768,Proto-tcp,Sport-other,Dport-https
0.02276950733709307,0.7691728472709655,33,0,179,141,1796,4064,5,5,0,2,Proto-tcp,Sport-other,Dport-https
0.011322840730666658,0.7896802425384521,46,0,181,173,106,3922,5,5,0,2,Proto-tcp,Sport-other,Dport-https
0.03204929562187166,0.7713122367858887,47,0,689,45,1796,3688,5,4,2,32770,Proto-tcp,Sport-other,Dport-https
0.013105426713466192,0.7912517786026002,70,0,421,173,3870,3952,5,5,0,2,Proto-tcp,Sport-other,Dport-https
0.004839788742065211,0.8085041046142578,199,0,55,141,988,4068,133,4,4,0,Proto-tcp,Sport-other,Dport-https
0.004900882134437067,0.8482242822647095,176,0,177,173,4145,2697,5,5,2,2,Proto-tcp,Sport-other,Dport-https
0.03937260526800145,0.7513733506202698,196,0,97,45,3846,1768,5,4,2,2,Proto-tcp,Sport-other,Dport-https
0.04194791526889772,0.7855913639068604,46,0,177,173,4129,3713,5,5,2,2,Proto-tcp,Sport-other,Dport-https
0.0003608128402626608,0.8168957233428955,230,0,8229,4269,4042,1182,5,5,2,2,Proto-tcp,Sport-other,Dport-https
0.014590443172931362,0.8071547150611876,178,0,177,173,6193,2697,7,5,2,2,Proto-tcp,Sport-other,Dport-https
0.010453824476241803,0.8065450787544249,33,0,187,13,1796,3808,5,4,2,2,Proto-tcp,Sport-other,Dport-https
0.015441429426192789,0.7858703136444091,230,0,177,173,5233,2191,5,1,2,0,Proto-tcp,Sport-other,Dport-https
0.03753041597557046,0.7869553565979005,176,0,177,173,4200,11506,37,5,2,2,Proto-tcp,Sport-other,Dport-https
0.05722677666807138,0.7655639648437501,178,0,177,173,4129,2699,5,5,2,2,Proto-tcp,Sport-other,Dport-https
0.008787166930675105,0.8037118911743165,38,0,177,173,5217,3214,5,5,2,2,Proto-tcp,Sport-other,Dport-https
0.015266642720699193,0.8133682012557982,179,0,177,173,36903,3713,5,5,2,2,Proto-tcp,Sport-other,Dport-https
0.06054891613864879,0.8066334724426268,178,0,177,173,4218,3478,5,71,258,2,Proto-tcp,Sport-other,Dport-https
0.044983660836696256,0.7823368906974792,176,0,177,173,4273,2697,5,5,2,2,Proto-tcp,Sport-other,Dport-https
0.02921620130681988,0.7707555294036865,46,0,177,141,596,4064,5,4,2,2,Proto-tcp,Sport-other,Dport-https
0.016657187934398174,0.8082202076911926,176,0,177,173,4149,2733,7,1,2,2,Proto-tcp,Sport-other,Dport-https
0.005934552531719002,0.791807234287262,178,0,177,173,4200,3286,5,5,2,2,Proto-tcp,Sport-other,Dport-https
0.01451221382904042,0.8159772753715515,38,0,177,173,4273,2689,4,5,34,2,Proto-tcp,Sport-other,Dport-https
0.021553897837161825,0.7615435123443604,177,0,177,2221,4220,11772,5,5,2,2,Proto-tcp,Sport-other,Dport-https
0.003914298351764338,0.8133827447891235,65,0,179,173,1860,3812,5,4,0,0,Proto-tcp,Sport-other,Dport-https
0.06579013317108137,0.7593227624893187,46,0,183,141,4188,4068,4,5,2,2,Proto-tcp,Sport-other,Dport-https
0.008862267100810612,0.7960171699523925,75,0,177,429,36639,36720,5,5,2,2,Proto-tcp,Sport-other,Dport-https
0.012799661735057635,0.8198412656784058,182,0,177,173,4202,3231,5,5,2,2,Proto-tcp,Sport-other,Dport-https
0.11379046651649476,0.759967565536499,240,0,113,297,533,3820,52,5,2,2,Proto-tcp,Sport-other,Dport-https
0.04551725946617121,0.7938532829284669,196,0,8289,685,3290,1686,5,5,2,2,Proto-tcp,Sport-other,Dport-https
0.018309242669105164,0.8029235601425171,240,0,177,165,5230,7254,5,5,2,2,Proto-tcp,Sport-other,Dport-https
0.01480039583110797,0.8167058229446411,46,0,177,173,4145,3713,5,5,2,2,Proto-tcp,Sport-other,Dport-https
0.09468805280446994,0.7490903139114381,1,0,177,45,3842,1594,5,5,0,2,Proto-tcp,Sport-other,Dport-https
0.021304159969806363,0.7733591794967651,38,0,177,173,4218,3230,5,0,2,0,Proto-tcp,Sport-other,Dport-https
0.009749611372947671,0.7840640544891356,240,0,177,173,234,3222,5,5,2,2,Proto-tcp,Sport-other,Dport-https
0.03833312354803057,0.7781734466552734,240,0,177,173,4192,11518,37,5,2,2,Proto-tcp,Sport-other,Dport-https
0.004170294566631174,0.7888200283050537,43,0,177,173,4176,4032,5,4,0,2,Proto-tcp,Sport-other,Dport-https
0.030112188058853052,0.7616854906082153,46,0,177,173,4220,4082,5,5,2,2,Proto-tcp,Sport-other,Dport-https
0.0072239211273189925,0.7992289066314697,38,0,182,172,33,2697,5,5,2,2,Proto-tcp,Sport-other,Dport-https
0.10201896187257738,0.778306245803833,54,0,177,173,4195,2447,5,5,2,2,Proto-tcp,Sport-other,Dport-https
0.04128378539133022,0.821363091468811,38,0,177,173,4213,2191,5,5,2,2,Proto-tcp,Sport-other,Dport-https
0.014374679192065799,0.7922754883766174,43,0,176,140,35,3721,5,5,2,2,Proto-tcp,Sport-other,Dport-https
0.024589941421508634,0.8278499841690062,212,0,8288,685,3274,1174,5,5,2,0,Proto-tcp,Sport-other,Dport-https
0.017220439210414468,0.7857223749160767,177,0,97,1321,3971,174,5,5,2,2,Proto-tcp,Sport-other,Dport-https
0.013403145245075198,0.8172708749771118,176,0,177,173,5226,11678,5,7,2,0,Proto-tcp,Sport-other,Dport-https
0.031317963012695064,0.7764085531234741,70,0,1189,173,3786,1718,5,5,2,2,Proto-tcp,Sport-other,Dport-https
0.003974646702765995,0.8423281908035278,1,0,177,399,1812,3936,5,4,2,2,Proto-tcp,Sport-other,Dport-https
0.026207426236629167,0.8091020584106445,43,0,177,173,12319,3713,3,1,2,2,Proto-tcp,Sport-other,Dport-https
0.005221398931979976,0.8341323733329774,230,0,177,173,5884,3582,5,5,2,2,Proto-tcp,Sport-other,Dport-https
0.010672121597766747,0.8145549893379211,197,0,225,45,3842,686,5,5,2,2,Proto-tcp,Sport-other,Dport-https
0.017557942951202325,0.8183832764625549,75,0,177,141,1812,4064,4,5,2,2,Proto-tcp,Sport-other,Dport-https
0.0006282188835142871,0.8080857992172241,9,0,177,141,1813,4064,1,0,2,2,Proto-tcp,Sport-other,Dport-https
0.015498499595164868,0.7542645931243896,196,0,8485,8237,3850,4082,5,5,2,2,Proto-tcp,Sport-other,Dport-https
0.01957462093257863,0.7898843288421632,43,0,177,173,5756,3486,5,5,2,2,Proto-tcp,Sport-other,Dport-https
0.04088846644020058,0.7619938850402832,178,0,689,173,20529,3713,5,5,2,2,Proto-tcp,Sport-other,Dport-https
0.005090420659065011,0.7756807804107666,185,0,179,141,4176,4084,4,4,2,2,Proto-tcp,Sport-other,Dport-https
0.006044520637988743,0.7918869256973265,241,0,39,141,2845,3954,5,4,0,2,Proto-tcp,Sport-other,Dport-https
0.009931550475596981,0.8180519342422485,59,0,177,173,6161,3717,4,7,32770,2,Proto-tcp,Sport-other,Dport-https
0.032051828762531036,0.7783368825912476,244,0,8305,45,532,3808,132,36,10,2,Proto-tcp,Sport-other,Dport-https
0.02325199612855904,0.8012575507164001,46,0,177,173,4188,4032,5,4,0,0,Proto-tcp,Sport-other,Dport-https
0.07188933984565696,0.7748764753341674,178,0,177,173,4145,3713,5,5,2,2,Proto-tcp,Sport-other,Dport-https
0.01048690431308736,0.7973226904869078,178,0,177,173,4218,3287,5,5,2,2,Proto-tcp,Sport-other,Dport-https
0.004548626574515861,0.8371190428733826,38,0,177,173,4208,11652,52,5,2,32770,Proto-tcp,Sport-other,Dport-https
0.004956164204120467,0.7724345922470093,43,0,177,141,6684,3954,5,5,0,2,Proto-tcp,Sport-other,Dport-https
0.03681845444202406,0.8042299747467042,197,0,225,45,1798,556,5,5,2,0,Proto-tcp,Sport-other,Dport-https
0.041078153973102174,0.7842864394187926,47,0,179,143,4180,4032,5,2052,512,2,Proto-tcp,Sport-other,Dport-https
0.009618186075210287,0.818749189376831,174,0,179,173,4188,4064,4,4,2,2,Proto-tcp,Sport-other,Dport-https
0.0770560527410506,0.7916292548179625,240,0,185,173,33,2697,5,5,2,2,Proto-tcp,Sport-other,Dport-https
0.015836152344226365,0.7957431077957153,176,0,177,173,4209,11720,52,197,2,2,Proto-tcp,Sport-other,Dport-https
0.005482759444713348,0.804420530796051,46,0,945,173,3978,3635,5,5,0,512,Proto-tcp,Sport-other,Dport-https
0.011047026415347718,0.825819730758667,70,0,4278,700,8938,3219,8197,5,2,2,Proto-tcp,Sport-other,Dport-https
0.052093590634345724,0.7754904031753539,208,0,177,173,238,3155,5,5,0,0,Proto-tcp,Sport-other,Dport-https
0.11723762392902352,0.7842775583267213,197,0,481,4269,3978,1718,5,5,2,2,Proto-tcp,Sport-other,Dport-https
0.025029068805217398,0.7633626461029053,177,0,4467,157,796,40944,5,4,0,2,Proto-tcp,Sport-other,Dport-https
0.022661625346660285,0.7894320487976073,107,0,177,13,3844,3936,5,4,2,2,Proto-tcp,Sport-other,Dport-https
0.007440281141281116,0.7756734490394592,43,0,177,173,12337,2699,5,5,2,2,Proto-tcp,Sport-other,Dport-https
0.07830831827640525,0.7763353586196899,212,0,65,429,3786,3826,5,5,2,2,Proto-tcp,Sport-other,Dport-https
0.029107127250194476,0.7985363006591795,196,0,32,172,3274,1174,5,5,2,2,Proto-tcp,Sport-other,Dport-https
0.0058512569065093025,0.7845568656921386,46,0,177,173,4180,4040,5,5,2,2,Proto-tcp,Sport-other,Dport-https
0.020520823472976447,0.8235713839530944,179,0,177,173,4202,3519,5,5,2,0,Proto-tcp,Sport-other,Dport-https
0.004144218118667192,0.8015496134757996,38,0,177,173,4129,2697,5,5,2,2,Proto-tcp,Sport-other,Dport-https
0.01491245005321467,0.7846834659576416,38,0,177,173,4143,3713,5,5,2,2,Proto-tcp,Sport-other,Dport-https
0.03617160952424978,0.754846155643463,47,0,181,13,2844,3936,5,5,2,2,Proto-tcp,Sport-other,Dport-https
0.0697114349117278,0.753784954547882,38,0,177,173,4193,3214,5,5,2,2,Proto-tcp,Sport-other,Dport-https
0.020202839816093415,0.8115538358688353,178,0,177,165,5217,2447,5,5,2,2,Proto-tcp,Sport-other,Dport-https
0.0038421783471106305,0.7894873619079591,38,0,177,173,4192,3968,2180,44,16384,0,Proto-tcp,Sport-other,Dport-https
0.010022147506236536,0.8008971214294434,174,0,131252,1261,2138,3859,5,5,0,0,Proto-tcp,Sport-other,Dport-https
0.06941461042976363,0.737197756767273,57,32,177,2189,28,4068,4,4,10,32770,Proto-tcp,Sport-other,Dport-https
0.021954134061336075,0.7934986948966981,242,0,177,172,234,11670,5,5,2,2,Proto-tcp,Sport-other,Dport-https
0.08625865473985672,0.770234227180481,176,0,177,173,4200,3154,5,5,2,2,Proto-tcp,Sport-other,Dport-https
0.015074571055411873,0.7856993675231932,46,0,177,173,6270,3390,5,5,2,2,Proto-tcp,Sport-other,Dport-https
0.014793392442226395,0.7726945877075195,198,0,177,173,4202,3667,5,5,2,2,Proto-tcp,Sport-other,Dport-https
0.005781670042514472,0.7918514609336853,196,0,65,173,3786,1587,5,5,0,2,Proto-tcp,Sport-other,Dport-https
0.0193959600119589,0.7841667532920836,176,0,177,2221,4209,2447,5,5,8194,2,Proto-tcp,Sport-other,Dport-https
0.015588500592708363,0.7748823165893554,46,0,177,173,4145,3713,7,1,2,0,Proto-tcp,Sport-other,Dport-https
0.007717734547614596,0.7594286203384398,11,0,177,141,84,4064,4,5,0,2,Proto-tcp,Sport-other,Dport-https
0.055228277696132644,0.7467662096023558,196,0,12326,4269,2250,3667,5,5,2,2,Proto-tcp,Sport-other,Dport-https
0.005053168590545537,0.8360368013381958,65,0,945,45,3978,1663,4101,5,0,0,Proto-tcp,Sport-other,Dport-https
0.04454065923786135,0.7969664335250854,208,0,177,173,238,3222,5,5,2,2,Proto-tcp,Sport-other,Dport-https
0.05226137395095825,0.8053629398345947,240,0,241,393,2062,171262,5,13,2,2,Proto-tcp,Sport-other,Dport-https
0.0064574225654598855,0.8042612075805664,46,0,180,160,2051,131214,5,5,2,2,Proto-tcp,Sport-other,Dport-https
0.037672569869041425,0.7985658645629882,176,0,177,173,20593,2189,4,5,2,2,Proto-tcp,Sport-other,Dport-https
0.008648440227508365,0.7949373722076416,177,0,2144,1312,134147,142,5,5,2,2,Proto-tcp,Sport-other,Dport-https
0.05391789893388743,0.7769109010696411,11,0,177,269,3871,3962,5,5,2,2,Proto-tcp,Sport-other,Dport-https
0.0042164871315955406,0.7976508736610413,38,0,177,173,4833,2191,5,5,2,2,Proto-tcp,Sport-other,Dport-https
0.016681774299621255,0.8138712644577025,208,0,177,173,2282,3223,5,5,2,2,Proto-tcp,Sport-other,Dport-https
0.01693940960550263,0.8271018862724304,46,0,177,173,4177,3781,4,5,2,2,Proto-tcp,Sport-other,Dport-https
0.012021540527820115,0.7797981500625609,161,0,161,45,1799,3753,5,5,2,2,Proto-tcp,Sport-other,Dport-https
0.0050311153659818334,0.7995352745056152,75,0,177,45,3844,1640,1,0,2,2,Proto-tcp,Sport-other,Dport-https
0.0550689878511426,0.7792890667915344,46,0,183,173,4216,4094,5,5,2,2,Proto-tcp,Sport-other,Dport-https
0.03667525749063462,0.7611703872680664,176,0,177,173,4202,3154,5,5,2,2,Proto-tcp,Sport-other,Dport-https
0.0025221140470503218,0.7987011075019836,176,0,177,172,33,2191,5,5,2,2,Proto-tcp,Sport-other,Dport-https
0.011965513416767016,0.8024970293045045,196,0,97,173,3786,3699,5,5,0,2,Proto-tcp,Sport-other,Dport-https
0.026751306437015274,0.7845855355262755,241,0,97,301,3846,748,4,8197,2,2,Proto-tcp,Sport-other,Dport-https
0.03353267299032179,0.8118433952331544,182,0,177,173,4202,3415,5,5,2,2,Proto-tcp,Sport-other,Dport-https
0.06134760048770862,0.8114781379699707,176,0,177,173,20515,7819,5,5,2,0,Proto-tcp,Sport-other,Dport-https
0.018169323899745803,0.8015356063842772,196,0,112,172,3274,1174,5,5,2,2,Proto-tcp,Sport-other,Dport-https
0.019804987724303905,0.7924594879150391,178,0,177,173,4145,2699,5,5,2,2,Proto-tcp,Sport-other,Dport-https
0.0011139858570098369,0.8101726770401002,9,0,177,269,34581,4064,5,4,2,2,Proto-tcp,Sport-other,Dport-https
0.019887389299869267,0.7826112508773804,38,0,177,173,4135,2699,5,5,2,2,Proto-tcp,Sport-other,Dport-https
0.006585718689441332,0.8128242492675781,209,0,241,45,1798,1576,5,0,2,0,Proto-tcp,Sport-other,Dport-https
0.018690852859019925,0.7734218835830688,46,0,177,173,4209,2697,4,5,2,2,Proto-tcp,Sport-other,Dport-https
0.02082494936037047,0.7963835597038269,107,16,177,429,3998,3954,5,5,0,0,Proto-tcp,Sport-other,Dport-https
0.02111506847000084,0.758257508277893,176,0,177,173,6257,2729,260,0,2048,0,Proto-tcp,Sport-other,Dport-https
0.01311079101133323,0.8465642929077148,62,0,177,173,5216,27904,4,517,2,2,Proto-tcp,Sport-other,Dport-https
0.004492152438640342,0.7884337902069091,39,0,176,164,10347,3230,5,5,2,0,Proto-tcp,Sport-other,Dport-https
0.006204108499526568,0.8116346597671508,196,0,96,45,3978,3638,5,0,2,0,Proto-tcp,Sport-other,Dport-https
0.008321367065906303,0.7918609380722045,230,0,179,173,53,2765,5,5,2,2,Proto-tcp,Sport-other,Dport-https
0.020495194049834884,0.8067922592163086,38,0,177,173,5736,3230,5,1,2,0,Proto-tcp,Sport-other,Dport-https
0.016376456346034615,0.7707760334014893,59,0,177,172,4129,2697,5,5,2,2,Proto-tcp,Sport-other,Dport-https
0.01627349162864645,0.8196805119514465,43,0,177,173,23,3789,5,5,2,2,Proto-tcp,Sport-other,Dport-https
0.01472008037137957,0.7921874523162842,47,0,228,173,2762,1686,5,5,2,2,Proto-tcp,Sport-other,Dport-https
0.02822097504425004,0.778135597705841,196,0,180,1193,2632,4018,5,5,0,2,Proto-tcp,Sport-other,Dport-https
0.008111265399455553,0.8319475650787354,177,0,185,175,4183,4032,4,5,2,2,Proto-tcp,Sport-other,Dport-https
0.046050858095645665,0.759149670600891,176,0,177,173,4202,3954,5,5,2,2,Proto-tcp,Sport-other,Dport-https
0.028977490051746272,0.7875157594680786,203,0,179,141,28,2940,5,13,2,2,Proto-tcp,Sport-other,Dport-https
0.026242443181037543,0.7697547078132628,177,0,177,173,4202,3954,5,5,2,2,Proto-tcp,Sport-other,Dport-https
0.06723789756202657,0.7529907226562499,178,0,177,173,4193,2191,5,5,2,2,Proto-tcp,Sport-other,Dport-https
0.002859170763015259,0.8643298149108887,176,0,177,173,5226,7382,5,5,2,2,Proto-tcp,Sport-other,Dport-https
0.019105691894054387,0.7930266857147216,212,0,177,173,4330,3923,5,5,2,2,Proto-tcp,Sport-other,Dport-https
0.04634127522182431,0.7810859680175781,46,0,191,141,4180,4032,132,4,0,0,Proto-tcp,Sport-other,Dport-https
0.01552353298521037,0.798349380493164,102,0,179,173,4129,2697,5,5,2,0,Proto-tcp,Sport-other,Dport-https
0.032742482112884434,0.7907534837722777,212,0,185,172,65770,3286,5,5,2,2,Proto-tcp,Sport-other,Dport-https
0.01820285076141328,0.8006014823913574,244,0,8289,47,73511,1673,5,5,2,2,Proto-tcp,Sport-other,Dport-https
0.03149811401605569,0.7873867750167847,177,0,177,173,4202,3954,5,5,2,2,Proto-tcp,Sport-other,Dport-https
0.023285671998500658,0.8039866089820861,212,0,177,173,4176,4032,52,5,2,2,Proto-tcp,Sport-other,Dport-https
0.02076922026586515,0.795088291168213,212,0,176,164,10858,3794,8197,5,2,2,Proto-tcp,Sport-other,Dport-https
0.02935358693551986,0.8210562467575073,179,0,177,189,4202,3954,5,5,2,2,Proto-tcp,Sport-other,Dport-https
0.007100840292930441,0.793286621570587,174,0,177,173,4155,7809,1,1,2,2,Proto-tcp,Sport-other,Dport-https
0.004135128613948659,0.8067810535430909,54,0,177,173,4145,2689,4,5,2,2,Proto-tcp,Sport-other,Dport-https
0.014923178648948243,0.820372462272644,199,0,421,173,3978,3762,5,5,2,2,Proto-tcp,Sport-other,Dport-https
0.0007502566599843592,0.8247947692871093,41,0,145,173,4117,3713,7,1,2,2,Proto-tcp,Sport-other,Dport-https
0.004233027050018068,0.7825896739959716,43,0,185,173,4117,3713,4,5,2,2,Proto-tcp,Sport-other,Dport-https
0.08757275870895342,0.7758103609085083,38,0,5299,173,4330,3190,5,5,2,2,Proto-tcp,Sport-other,Dport-https
0.0033348051738737957,0.8087195754051208,198,0,420,45,3850,3890,5,5,2,2,Proto-tcp,Sport-other,Dport-https
0.001184615778922646,0.8167932033538817,45,0,177,45,3846,1640,5,0,2,0,Proto-tcp,Sport-other,Dport-https
0.008770925028800858,0.7947971820831299,43,0,177,173,7697,2688,7,1,2,2,Proto-tcp,Sport-other,Dport-https
0.03942565221357326,0.7458673715591431,174,0,433,172,7203,3713,5,5,2,2,Proto-tcp,Sport-other,Dport-https
0.05876841627168622,0.7829324007034301,38,0,4279,172,4129,2703,5,5,2,2,Proto-tcp,Sport-other,Dport-https
0.013494785333633233,0.8197786808013917,38,0,177,173,4209,3968,36,5,2,2,Proto-tcp,Sport-other,Dport-https
0.06966941457843734,0.757512092590332,185,0,112,9,3841,140,5,5,2,2,Proto-tcp,Sport-other,Dport-https
0.013604157406806915,0.7828482389450073,208,0,177,173,4202,4083,5,5,2,2,Proto-tcp,Sport-other,Dport-https
0.002856339605808101,0.8182260394096375,196,0,225,45,3978,3698,5,5,0,2,Proto-tcp,Sport-other,Dport-https
0.06874899046945572,0.779499888420105,240,0,112,1321,3075,1182,5,5,2,0,Proto-tcp,Sport-other,Dport-https
0.06004422511434548,0.7706074118614196,182,0,177,173,20561,2705,5,5,2,0,Proto-tcp,Sport-other,Dport-https
0.012612805359363207,0.7910420894622802,197,0,177,32813,1796,3680,5,4,0,2,Proto-tcp,Sport-other,Dport-https
0.010844673179149243,0.7964091300964355,240,0,177,173,4193,2462,5,5,2,2,Proto-tcp,Sport-other,Dport-https
0.014838392940997645,0.7841763496398925,41,0,179,141,1813,4064,5,1,2,2,Proto-tcp,Sport-other,Dport-https
0.07306546215295763,0.7781963348388672,177,0,753,173,4058,20275,5,5,2,2,Proto-tcp,Sport-other,Dport-https
0.03510202813291514,0.7628839015960692,199,0,55,13,788,2924,5,5,2,2,Proto-tcp,Sport-other,Dport-https
0.043782952164173,0.8199141025543213,196,0,8289,41,3842,37054,5,5,2,2,Proto-tcp,Sport-other,Dport-https
0.0024409045376775807,0.8123432397842406,196,0,8288,4844,67834,5782,5,5,2,2,Proto-tcp,Sport-other,Dport-https
0.010979525667190347,0.7712228298187255,38,0,177,173,4216,3262,5,5,2,2,Proto-tcp,Sport-other,Dport-https
0.0320767131443019,0.7923814058303834,212,0,177,173,234,3159,5,5,0,0,Proto-tcp,Sport-other,Dport-https
0.04161100756120642,0.7481204271316528,75,0,177,301,1796,3944,5,4,2,2,Proto-tcp,Sport-other,Dport-https
0.0028412897701259716,0.8167495727539062,208,0,80,301,3107,142,5,5,2,2,Proto-tcp,Sport-other,Dport-https
0.02176891677665669,0.8208945989608765,176,0,177,173,6193,3785,5,5,2,2,Proto-tcp,Sport-other,Dport-https
0.04292451549720758,0.7448341250419616,14,0,16564,173,2122,1174,5,5,2,2,Proto-tcp,Sport-other,Dport-https
0.05280599919271456,0.7852731943130493,240,0,177,173,2154,3699,5,0,2,2,Proto-tcp,Sport-other,Dport-https
0.05882876462268787,0.7945734858512878,46,0,177,173,4176,4032,133,4,0,2,Proto-tcp,Sport-other,Dport-https
0.0011051943688390833,0.8396803140640258,176,0,177,173,4193,2191,5,5,2,0,Proto-tcp,Sport-other,Dport-https
0.029780942665576574,0.7585375308990479,178,0,177,173,5756,4082,5,5,2,2,Proto-tcp,Sport-other,Dport-https
0.041120472322940395,0.8305026292800902,196,0,8225,45,1537,2796,5,5,2,2,Proto-tcp,Sport-other,Dport-https
0.0197269073886871,0.7786150574684142,176,0,177,173,5752,11646,5,13,0,2,Proto-tcp,Sport-other,Dport-https
0.0969891875810623,0.742466926574707,230,0,179,173,4216,7096,5,13,2,2,Proto-tcp,Sport-other,Dport-https
0.040215992099284746,0.7918345928192138,240,0,177,165,4197,2447,5,5,8194,2,Proto-tcp,Sport-other,Dport-https
0.059149877453326845,0.7936452627182007,174,0,177,173,4209,2444,5,5,2,2,Proto-tcp,Sport-other,Dport-https
0.020383586852550106,0.7949054241180421,62,0,145,172,4203,3534,5,7,2,0,Proto-tcp,Sport-other,Dport-https
0.014324463403701655,0.7900046706199646,1,2,177,45,1798,1896,5,5,0,2,Proto-tcp,Sport-other,Dport-https
0.0035645759325025105,0.8078336715698241,240,0,177,172,2081,2190,5,5,2,0,Proto-tcp,Sport-other,Dport-https
0.0034029019551272267,0.7632399797439574,47,128,16817,173,3970,1599,5,5,0,0,Proto-tcp,Sport-other,Dport-https
0.04096341760206195,0.7795439958572388,59,0,177,173,4220,2494,5,5,2,2,Proto-tcp,Sport-other,Dport-https
0.042293763473033416,0.7887781858444214,242,0,177,173,5237,2462,5,5,2,2,Proto-tcp,Sport-other,Dport-https
0.011456203135966863,0.78385591506958,197,0,177,45,3846,12026,5,5,2,2,Proto-tcp,Sport-other,Dport-https
0.005120967355251189,0.8369369506835938,212,0,177,173,65658,3794,5,5,2,2,Proto-tcp,Sport-other,Dport-https
0.007863613647937551,0.782504677772522,38,0,183,172,4129,2697,5,5,2,2,Proto-tcp,Sport-other,Dport-https
0.031114268702029834,0.8023421168327332,178,0,177,165,4192,11742,5,5,2,2,Proto-tcp,Sport-other,Dport-https
0.037392732330322205,0.8144278526306152,43,0,177,173,4157,3713,1,5,2,2,Proto-tcp,Sport-other,Dport-https
0.008311830536365347,0.7821335792541504,240,0,112,428,3274,1174,5,5,2,0,Proto-tcp,Sport-other,Dport-https
0.017650030064582777,0.7801268100738524,176,0,177,173,4192,12260,132,5,2,2,Proto-tcp,Sport-other,Dport-https
0.020228916264056897,0.8032688498497009,239,0,161,173,1798,2028,5,5,2,2,Proto-tcp,Sport-other,Dport-https
0.0251904447660444,0.7704799771308899,38,0,177,173,4145,2697,7,1,2,2,Proto-tcp,Sport-other,Dport-https
0.007573196521758902,0.7883795499801636,9,0,177,45,1799,3820,5,8,2050,0,Proto-tcp,Sport-other,Dport-https
0.0015779976224894626,0.7976013422012329,198,0,8288,4844,68802,1174,2053,5,2,0,Proto-tcp,Sport-other,Dport-https
0.07517378022289248,0.7725975513458253,230,0,177,173,5224,2206,5,5,2,0,Proto-tcp,Sport-other,Dport-https
0.025260329646587008,0.7890149950981139,77,0,177,45,3970,1854,5,5,2,2,Proto-tcp,Sport-other,Dport-https
0.008751702961444811,0.8618377447128295,240,0,177,173,4209,2207,5,5,2,2,Proto-tcp,Sport-other,Dport-https
0.06556930290889705,0.7788463234901427,240,0,177,173,4193,2191,5,5,2,2,Proto-tcp,Sport-other,Dport-https
0.021740605204582108,0.7826783061027527,43,0,177,173,4176,4032,4,5,2,2,Proto-tcp,Sport-other,Dport-https
0.014793690458774175,0.7893309593200684,46,0,177,173,4117,3777,3,1,2,2,Proto-tcp,Sport-other,Dport-https
0.012365451624392986,0.7948391437530516,241,0,8289,685,3786,1206,5,5,2,2,Proto-tcp,Sport-other,Dport-https
0.015969067724704647,0.8470042347908019,242,0,177,173,20657,2689,7,5,2,2,Proto-tcp,Sport-other,Dport-https
0.02594979093074779,0.750521183013916,38,0,180,172,35,2697,5,1,2,0,Proto-tcp,Sport-other,Dport-https
0.06888905824708923,0.7794183492660521,177,0,176,2213,2155,3262,5,5,2,2,Proto-tcp,Sport-other,Dport-https
0.009454873006820465,0.8095505833625793,11,0,177,143,344,4032,4,4,2,2,Proto-tcp,Sport-other,Dport-https
0.02686797991561881,0.7775468826293945,198,0,181,173,49,2191,5,5,2,2,Proto-tcp,Sport-other,Dport-https
0.01721686301183661,0.7832834720611571,11,0,177,45,1796,3944,5,4,0,2,Proto-tcp,Sport-other,Dport-https
0.03812838617944685,0.7828944921493529,197,0,177,173,4042,1587,5,5,2,2,Proto-tcp,Sport-other,Dport-https
0.010325826368808636,0.819415271282196,62,0,177,173,5217,3470,5,5,2,2,Proto-tcp,Sport-other,Dport-https
0.0022051734480857703,0.7706636190414429,43,0,177,141,1583,7809,5,5,2,2,Proto-tcp,Sport-other,Dport-https
0.05989149163341509,0.7928228378295897,11,0,177,45,1796,1768,5,5,2,2,Proto-tcp,Sport-other,Dport-https
0.018552871197223385,0.7625299096107483,178,0,177,173,4273,2697,5,5,2,2,Proto-tcp,Sport-other,Dport-https
0.057199806170463566,0.7964951992034912,240,0,113,429,3274,1174,5,5,2,2,Proto-tcp,Sport-other,Dport-https
0.006403332561969605,0.7881731986999511,46,0,177,173,4177,4032,4,5,2,2,Proto-tcp,Sport-other,Dport-https
0.0035116779952048486,0.8081519603729248,9,0,177,45,1796,3944,5,4,0,2,Proto-tcp,Sport-other,Dport-https
0.009975358908176109,0.8088653087615967,182,0,177,173,6193,2689,5,5,2,2,Proto-tcp,Sport-other,Dport-https
0.0032947219481466654,0.8083748817443847,102,0,179,173,4176,4064,132,5,2,2,Proto-tcp,Sport-other,Dport-https
0.005479034237861351,0.8594955205917358,182,0,177,173,4177,3713,4,5,2,2,Proto-tcp,Sport-other,Dport-https
0.03355979249620425,0.7691601514816285,244,0,112,172,2251,1174,5,5,2,2,Proto-tcp,Sport-other,Dport-https
0.0027408581933971846,0.7937737703323363,203,0,179,141,4892,8178,5,5,2,2,Proto-tcp,Sport-other,Dport-https
0.001869010781764673,0.841594934463501,196,0,32,32,2560,3200,1,516,2,2,Proto-tcp,Sport-other,Dport-https
0.005167308928489195,0.7901943922042847,46,0,177,141,4176,4032,4,5,2,2,Proto-tcp,Sport-other,Dport-https
0.006085348905086073,0.7994393706321715,240,0,81,429,3786,1206,5,5,2,2,Proto-tcp,Sport-other,Dport-https
0.07223325094222983,0.7811978459358214,212,0,63,141,4956,4080,5,5,2,2,Proto-tcp,Sport-other,Dport-https
0.06970428251457207,0.7806202173233032,196,0,8289,45,1831,3757,5,5,2,2,Proto-tcp,Sport-other,Dport-https
0.0029223502712245734,0.8250757455825805,70,0,5303,188,746,3223,5,5,2,2,Proto-tcp,Sport-other,Dport-https
0.032554284662723254,0.7595189213752745,230,0,176,164,10240,2180,8197,5,2,2,Proto-tcp,Sport-other,Dport-https
0.011914999611854092,0.7688813209533691,174,0,433,173,12339,2191,5,5,2,2,Proto-tcp,Sport-other,Dport-https
0.007292613941668983,0.7746143937110899,196,0,8289,4137,3715,172,5,5,2,2,Proto-tcp,Sport-other,Dport-https
0.052179121383666524,0.7661772966384887,38,0,177,173,4135,3713,5,5,2,2,Proto-tcp,Sport-other,Dport-https
0.0114290836300849,0.7782498002052307,242,0,177,173,4209,2988,4,5,6,0,Proto-tcp,Sport-other,Dport-https
0.011085917574882228,0.7772320508956909,240,0,113,13,2831,8178,5,5,2,2,Proto-tcp,Sport-other,Dport-https
0.004933514946460704,0.7912387847900391,46,0,177,173,4143,3713,5,5,2,2,Proto-tcp,Sport-other,Dport-https
0.01451042572975124,0.7906766533851622,38,0,177,173,4218,3223,5,5,2,2,Proto-tcp,Sport-other,Dport-https
0.03433299643039665,0.7728502750396729,59,0,177,189,4133,3713,5,5,2,2,Proto-tcp,Sport-other,Dport-https
0.008606121877670136,0.8238900899887086,240,0,177,173,4202,3955,5,5,2,2,Proto-tcp,Sport-other,Dport-https
0.01807559769535031,0.7987799644470215,177,32,177,2221,4176,3068,5,5,2,2,Proto-tcp,Sport-other,Dport-https
0.00522929637050589,0.8046094179153441,11,0,177,141,340,3808,4,5,2,2,Proto-tcp,Sport-other,Dport-https
0.04880393496751782,0.7634907364845277,38,0,177,173,4193,2191,5,5,2,2,Proto-tcp,Sport-other,Dport-https
0.022525878808974845,0.8084615468978883,178,0,177,173,4141,2689,5,1,2,2,Proto-tcp,Sport-other,Dport-https
0.026564003036498928,0.7421090602874755,240,0,177,173,4273,2703,5,5,2,0,Proto-tcp,Sport-other,Dport-https
0.026102226395129904,0.7777383327484131,46,0,177,173,4129,2689,5,5,2,2,Proto-tcp,Sport-other,Dport-https
0.042010647752284615,0.7606564760208131,230,0,177,173,4728,3954,5,5,2,2,Proto-tcp,Sport-other,Dport-https
0.05615227800369262,0.7899259328842163,240,0,177,173,5226,7255,5,5,2,0,Proto-tcp,Sport-other,Dport-https
0.012079951771258953,0.7938583493232726,176,0,177,173,6177,3713,5,5,2,2,Proto-tcp,Sport-other,Dport-https
0.05514691917848577,0.7908595204353331,199,0,55,173,2846,3890,5,5,2,2,Proto-tcp,Sport-other,Dport-https
0.011159080637454915,0.8070172667503358,47,0,177,141,4117,4033,5,1,2,2,Proto-tcp,Sport-other,Dport-https
0.016428460233687936,0.7598854303359985,176,0,177,173,4145,2191,5,5,2,2,Proto-tcp,Sport-other,Dport-https
0.004240477463722064,0.8097690343856812,43,0,177,189,4176,4032,4,5,2,2,Proto-tcp,Sport-other,Dport-https
0.0024672790021893413,0.8082095980644226,43,0,177,173,4176,4032,5,12,2,2,Proto-tcp,Sport-other,Dport-https
0.011257873123168664,0.792269468307495,208,0,251,172,234,3286,5,5,2,2,Proto-tcp,Sport-other,Dport-https
0.011955231845855362,0.8406180143356323,176,0,177,2221,4199,2191,5,5,2,2,Proto-tcp,Sport-other,Dport-https
0.01189026423835737,0.8499324917793275,197,0,353,12461,3978,3954,4357,4,0,2048,Proto-tcp,Sport-other,Dport-https
0.013346224084377259,0.7828190326690675,46,0,180,164,2640,3072,65,520,2,2,Proto-tcp,Sport-other,Dport-https
0.009571397477149862,0.793414831161499,230,0,179,173,4190,8050,5,5,0,2,Proto-tcp,Sport-other,Dport-https
0.00851835600423774,0.8241565823554992,208,0,49,41,17,2188,5,5,2,2,Proto-tcp,Sport-other,Dport-https
0.012632325443267535,0.7847522497177123,46,0,177,173,4216,12192,132,36,10,2,Proto-tcp,Sport-other,Dport-https
0.019598909281253435,0.8031191825866699,45,0,177,45,3846,1768,4,5,2,2,Proto-tcp,Sport-other,Dport-https
0.028128291897773522,0.7853698134422302,212,0,240,4260,250,1174,5,2,2,0,Proto-tcp,Sport-other,Dport-https
0.012324027324199597,0.7944698333740233,197,4,225,173,3974,1599,5,0,2,0,Proto-tcp,Sport-other,Dport-https
