Dur,daytime,sTos,dTos,SrcBytes,DstBytes,SrcLoad,DstLoad,SrcRate,DstRate,SrcPkts,DstPkts
1.2100845880880227e-09,1.4158145766884898e-09,0.0,0.0,0.0,0.0,0.0,0.0373046875,0.9995119570522206,0.25098039215686274,0.0,0.0
1.7364321536206265e-07,2.157009504344388e-07,0.0,0.4444444444444444,0.0010326867816091954,0.7999934896363148,0.0,0.177978515625,0.0007320644216691069,6.127450980392157e-05,0.3333333333333333,0.0
2.501987417247165e-08,3.0064938982832246e-08,0.0,0.0,1.0,0.004166632758522473,0.0009832841691248771,0.0,0.31234748657881894,6.127450980392157e-05,0.0,0.3333333333333333
2.3421004025081515e-10,2.9075561402969175e-10,0.0,0.0,0.0028735632183908046,0.020833163792612366,0.16617502458210423,0.000390625,0.12493899463152758,6.127450980392157e-05,0.0009765625,0.6666666666666666
9.225524788547543e-10,1.1494125651267946e-09,0.0,0.0,0.0007183908045977011,0.0,0.0,0.0,0.0,0.0,0.0,0.0
7.153190817454911e-10,9.275067380798415e-10,0.0,0.015873015873015872,0.00017959770114942528,0.7999934896363148,0.007866273352999017,0.024951171875,0.0002440214738897023,0.0,0.0,0.005208333333333333
9.623637886591041e-09,1.1202072158766896e-08,0.0,0.06349206349206349,0.0028735632183908046,0.049999593102269674,0.0,0.0,0.0,0.06666666666666667,0.0037027994791666665,0.0
2.3704103124799762e-09,2.662029929823006e-09,0.0,0.0,0.0010326867816091954,0.5333289930908766,0.1887905604719764,0.024609375,0.0,6.127450980392157e-05,0.3333536783854167,0.0003255208333333333
4.9677710833861966e-09,5.523818735753138e-09,0.0,0.0,0.0,0.0,0.0,0.00078125,0.0,0.0,0.0,0.0
2.328757275904536e-08,2.468615889483772e-08,0.0,0.0,0.04597701149425287,0.0,0.0,0.0,0.0,0.00392156862745098,0.0006306966145833334,0.3333333333333333
5.416939785618524e-08,6.249408812664116e-08,0.0,0.0,0.0007183908045977011,0.0005208290948153091,0.0,0.01015625,0.0002440214738897023,0.8823529411764706,0.0,0.0
1.874391484038563e-12,2.281603074874572e-12,0.0,0.0,0.0,0.0,0.0,0.025,0.0,0.0,0.00016276041666666666,0.0
1.1134444061200451e-11,1.360782406895078e-11,0.0,0.0,0.0,0.001302072737038273,1.5363815142576205e-05,0.0,0.0,0.0,8.138020833333333e-05,0.0013020833333333333
1.0105897452206136e-08,1.1610979733234217e-08,0.0,0.0,0.012033045977011493,0.0,0.048180924287118974,0.012255859375,0.0,0.06666666666666667,8.138020833333333e-05,0.006510416666666667
2.9751559549318074e-10,3.4905447976463217e-10,0.3333333333333333,0.2698412698412698,0.0,0.001302072737038273,1.9204768928220254e-05,0.8,0.0,0.0,0.0,0.0
2.90605242980746e-07,3.522502822761453e-07,0.0,0.0,0.0,0.5874952189516687,0.007866273352999017,0.0015625,0.0,6.127450980392157e-05,0.4791666666666667,0.006510416666666667
2.6357478422056597e-09,3.0866660338801917e-09,0.0,0.0,0.0,0.0,0.0,0.003955078125,0.0,0.015747549019607843,0.4166666666666667,0.0068359375
2.7144420045033257e-08,3.272444004664976e-08,0.0,0.0,0.0007183908045977011,0.0,0.25073746312684364,0.002392578125,0.0,0.0196078431372549,0.0,0.16666666666666666
1.0362120939078068e-08,1.1588368487025493e-08,1.0,0.9047619047619048,0.0007183908045977011,0.0,0.0,0.001171875,0.0,0.00392156862745098,0.0,0.0
3.113552304867539e-09,3.6745648746006046e-09,0.0,0.0,0.0,8.137954606489205e-06,0.7551622418879056,0.0,0.9995119570522206,0.035355392156862744,0.3333333333333333,0.0
1.8199447282540856e-08,2.0113315457592762e-08,0.0,0.0,0.0005387931034482759,0.0,0.0,0.002734375,0.0002440214738897023,0.06274509803921569,0.0,0.0
4.2576353553869234e-10,5.001367653356681e-10,0.0,0.0,0.7471264367816092,0.0,0.07964601769911504,0.00020751953125,0.9995119570522206,0.12549019607843137,0.0002848307291666667,0.0
2.86864114684704e-08,3.3134760712982825e-08,1.0,0.25396825396825395,0.0007183908045977011,0.0,0.003952341445427728,1.220703125e-05,0.9995119570522206,0.12549019607843137,8.138020833333333e-05,0.0
2.869482429446179e-09,3.344236443325598e-09,0.0,0.0,0.0,0.0,0.0,0.0,0.0,0.06274509803921569,0.0,0.0
2.3690363004646997e-09,2.974493540364164e-09,0.0,0.0,0.0007183908045977011,0.0,0.0,0.087451171875,0.0,0.1568627450980392,0.0,0.0
7.499050685977338e-11,9.253893484828524e-11,0.0,0.0,0.9201239224137931,0.6708278741221182,0.010831489675516224,0.0,0.0,0.12549019607843137,8.138020833333333e-05,0.0
1.8398686740805914e-10,2.1823989837521646e-10,0.0,0.0,0.0,0.0,0.004916420845624385,0.17503662109375,0.0,0.0,0.00016276041666666666,0.0
8.461866762843327e-09,9.738638340195392e-09,0.0,0.25396825396825395,0.0007183908045977011,0.0,0.0,0.001953125,0.0009760858955588092,0.0,0.0013631184895833333,2.0345052083333332e-05
8.964888553730788e-11,9.819672158739576e-11,0.0,0.0,0.9655172413793104,0.0,0.0,0.000830078125,0.0,0.00392156862745098,0.0,0.0
2.1077656980894588e-11,2.4659439420982032e-11,1.0,0.8095238095238095,0.0007183908045977011,0.0,0.0,0.024609375,0.0004880429477794046,0.0628063725490196,1.0,0.006510416666666667
3.339952758807384e-09,4.211631932093951e-09,0.0,0.0,0.0007183908045977011,0.0,0.003933136676499509,0.000830078125,0.31234748657881894,0.0,0.0,0.0
3.719058838669298e-08,4.312875390155568e-08,0.0,0.0,0.0,0.0,0.003933136676499509,0.040234375,0.0,0.0,0.0,0.0
3.4739121301807785e-11,4.2536803940285127e-11,0.0,0.0,0.0,0.0,0.30678466076696165,0.0,0.0,0.06666666666666667,0.0009765625,0.0
1.0044680365250967e-10,1.3511672336541378e-10,0.0,0.0,0.7471264367816092,8.137954606489205e-06,0.7718780727630286,0.0,0.06246949731576379,6.127450980392157e-05,0.021809895833333332,0.0
2.2721697856553646e-09,2.750694338971016e-09,0.0,0.0,0.9195402298850575,0.5541621568834889,0.0,0.037158203125,0.0,0.12549019607843137,0.0006103515625,0.0
8.8319936253356e-08,9.9265164976714e-08,0.0,0.0,0.0,0.0,0.0,0.003955078125,0.0,6.127450980392157e-05,0.3343098958333333,0.0
3.300241635528777e-09,4.0313503646416385e-09,0.0,0.0,0.0,0.0,0.0,0.003955078125,0.0,0.0,0.00016276041666666666,0.0
1.0201003597387624e-08,1.1429420965214376e-08,0.0,0.0,0.0007183908045977011,0.0,0.5870206489675516,0.012890625,0.0,0.0,4.0690104166666664e-05,0.0
1.2285786610277682e-08,1.4044999829820881e-08,0.0,0.25396825396825395,0.0007183908045977011,0.0,0.0,0.000830078125,0.0,0.01568627450980392,0.003173828125,0.0
5.111046252892493e-09,6.045912215313364e-09,0.0,0.0,0.0028735632183908046,8.137954606489205e-06,0.25172074729596855,0.0,0.0,0.0,0.0,0.006510416666666667
3.01297511384746e-08,3.364846890008266e-08,0.0,0.0,0.0,8.137954606489205e-06,0.5073746312684366,0.13828125,0.0,0.00392156862745098,0.015625,0.25
2.1545586495475e-11,2.6004755640518518e-11,0.0,0.0,0.0028286637931034483,0.7999934896363148,0.0,0.015234375,0.0,0.0,0.0,0.0
2.5279456306037673e-10,2.7652011236334317e-10,1.0,0.7619047619047619,0.0007183908045977011,0.0,0.0,0.003125,0.9995119570522206,0.0,0.0,0.0
1.4437232742636752e-08,1.713401509562118e-08,0.0,0.0,0.7816091954022989,0.001302072737038273,0.0,0.0,0.0,0.0,0.0,0.0
8.486789287824593e-13,1.1843666238714468e-12,0.0,0.25396825396825395,0.0007183908045977011,0.0,0.0,0.024755859375,0.0002440214738897023,0.3176470588235294,0.0,0.006754557291666667
2.6344963988123023e-09,3.124564162959586e-09,1.0,0.7619047619047619,0.0008979885057471264,0.5333289930908766,0.0,0.0029296875,0.0012201073694485115,0.0,0.005228678385416667,0.3333333333333333
6.494951104718537e-11,8.022184305733758e-11,0.0,0.0,0.9195402298850575,0.0,0.003933136676499509,0.1279296875,0.0,0.0,0.0006306966145833334,0.0
4.447423679332374e-11,5.7069897418937636e-11,0.0,0.0,0.9310344827586207,0.0,0.0,0.0,0.31234748657881894,6.127450980392157e-05,0.0,0.08333333333333333
1.249909757916612e-07,1.4646103352333744e-07,0.3333333333333333,0.2698412698412698,0.011494252873563218,0.0,1.5363815142576205e-05,0.0,0.0,0.12549019607843137,0.0002848307291666667,0.0
2.1660115923083367e-09,2.5791784263873284e-09,0.0,0.0,0.0,0.0,0.03146509341199607,0.0015625,0.0,0.0,0.0,0.0
9.407149538509518e-12,1.3383165235747452e-11,0.0,0.0,0.011494252873563218,0.0,0.015751751474926252,0.0,0.015617374328940947,0.31378676470588235,0.0006510416666666666,0.0
2.476896909797688e-09,2.989617442494818e-09,0.0,0.0,0.0,0.001302072737038273,0.0,0.0005859375,0.0,0.12549019607843137,0.0002848307291666667,0.0
2.2942532318381836e-09,2.8090534343050413e-09,0.0,0.25396825396825395,0.005702227011494253,0.9999918620453935,0.7551660828416913,0.21025390625,0.0,0.0,0.0,0.006510416666666667
5.7456159829882836e-09,7.012110447845997e-09,0.0,0.0,0.0007183908045977011,0.0,0.0,3.662109375e-05,0.9995119570522206,0.19215686274509805,2.0345052083333332e-05,0.0003255208333333333
4.745898340985376e-09,6.2484759588699035e-09,0.0,0.0,0.002963362068965517,0.29999755861361804,0.0,0.00390625,0.18740849194729137,6.127450980392157e-05,0.4166666666666667,0.0068359375
1.1275873568195034e-09,1.5095894534411512e-09,0.0,0.0,0.0007183908045977011,0.0,1.9204768928220254e-05,0.0,0.0,6.127450980392157e-05,0.3333333333333333,0.005533854166666667
4.819490292962136e-11,6.253870338257528e-11,0.0,0.0,0.0007183908045977011,0.0,0.0,0.025,0.0,0.0,0.0,0.0
4.7491854893166866e-09,6.118789919185017e-09,0.0,0.0,0.0002244971264367816,0.06770778232599019,0.003933136676499509,0.00078125,0.0,0.0,8.138020833333333e-05,0.3333333333333333
5.230016419943695e-09,6.4087197770845705e-09,0.3333333333333333,0.30158730158730157,0.0,0.0,0.048200129056047196,0.0,0.0,0.0,0.0,0.0
3.346707242932179e-12,4.228617022511427e-12,0.0,0.0,0.0,0.0,0.07964601769911504,0.030859375,0.0,0.0,8.138020833333333e-05,0.0
1.2484134970236482e-07,1.4650699142748638e-07,0.0,0.0,0.9195402298850575,0.0,1.9204768928220254e-05,1.220703125e-05,0.0,0.0,0.0,0.0
5.172682282506003e-10,6.362580462493382e-10,0.0,0.25396825396825395,0.0,0.0,0.0,0.0,0.0,0.03137254901960784,0.0,0.3333333333333333
4.594904012833467e-08,5.2204011780077047e-08,0.0,0.0,0.0,0.8041601223948373,0.007866273352999017,0.0,0.0,0.03137254901960784,0.0013020833333333333,0.0
1.1391159283197227e-12,1.4454920550452388e-12,0.0,0.4444444444444444,0.0,0.0,0.44051130776794495,0.015625,0.0,0.0628063725490196,0.3333333333333333,0.0
3.1834281304793377e-12,3.749413973741511e-12,0.0,0.0,0.7816091954022989,0.00026041454740765457,1.9204768928220254e-05,0.0,0.0,0.12549019607843137,0.00016276041666666666,0.0
1.4680586746251832e-09,1.8088799347282247e-09,0.0,0.0,0.0,0.0,0.0,0.0001953125,0.0004880429477794046,0.3333333333333333,0.0,0.0
2.045094779287715e-12,2.7471354184516183e-12,0.3333333333333333,0.2698412698412698,0.0006734913793103449,0.5333289930908766,0.008849557522123894,0.0,0.0,0.06274509803921569,0.0,0.0
9.198518613473538e-10,1.1651906106635575e-09,0.0,0.0,0.9655172413793104,0.0,0.1887905604719764,0.00078125,0.0,0.00392156862745098,0.01171875,0.0
1.1152462953134544e-08,1.4070794307485812e-08,0.0,0.0,0.0,0.0,0.0471976401179941,0.0,0.0,0.0,0.0,0.0013834635416666667
2.2804895749573013e-08,2.621740158303965e-08,0.0,0.31746031746031744,0.0,0.0,0.0,0.10003662109375,0.0004880429477794046,0.0,0.0,0.08333333333333333
8.816576269055075e-08,9.435956371817157e-08,0.0,0.25396825396825395,0.0,0.0,0.0,0.0,0.0,0.0,0.0013020833333333333,0.0
1.549541273071497e-09,1.7236403415665787e-09,0.0,0.38095238095238093,0.0,0.0,0.0,0.003955078125,0.0,0.0,0.0,0.0
2.2188681447765643e-11,2.7729901708184457e-11,0.0,0.0,0.0,0.0010416581896306183,0.0,0.012451171875,0.0002440214738897023,0.047058823529411764,0.005208333333333333,4.0690104166666664e-05
1.5079111570504011e-10,1.8974542770333608e-10,0.0,0.0,0.0007183908045977011,0.0,0.13077679449360866,0.027734375,0.0,0.0,0.0,0.0
1.3736976711697937e-07,1.584428019896223e-07,0.0,0.0,0.9310344827586207,0.004166632758522473,0.19174041297935104,0.00390625,0.0,6.127450980392157e-05,0.3343302408854167,1.0
3.717707253159119e-10,4.3461251264531597e-10,0.0,0.25396825396825395,0.0,8.137954606489205e-06,0.5506391347099312,0.01015625,0.0,0.35692401960784315,2.0345052083333332e-05,0.0068359375
5.420445689519049e-11,6.877697023011109e-11,0.3333333333333333,0.2698412698412698,0.0,0.0,0.048180924287118974,0.0,0.0,0.06672794117647059,2.0345052083333332e-05,0.3333333333333333
2.2303200952755727e-11,2.742854034176733e-11,0.0,0.015873015873015872,0.0002244971264367816,0.0666783310682693,0.5545722713864307,0.041455078125,0.0,0.8156862745098039,0.003987630208333333,0.0
6.574101689693634e-07,7.528652758992395e-07,0.0,0.0,0.0005387931034482759,0.0,0.5034414945919371,0.0,0.0,0.8156862745098039,0.0,0.0
1.1494376631060454e-11,1.4446603635587252e-11,0.0,0.25396825396825395,4.489942528735632e-05,0.0,1.9204768928220254e-05,0.009619140625,0.0,0.47058823529411764,0.0,0.0
5.90073323536444e-10,7.615214570044768e-10,1.0,0.7777777777777778,0.0007183908045977011,0.0,0.0,0.00390625,0.0,0.3137254901960784,0.0,0.0
6.5961063278052726e-09,8.106389337569906e-09,0.0,0.0,0.931707974137931,0.6708278741221182,0.008849557522123894,0.004052734375,0.24987798926305516,0.015747549019607843,0.08335367838541667,0.0
1.2118954728634888e-09,1.555528816865603e-09,1.0,0.7777777777777778,0.0007183908045977011,0.0,0.0,0.0,0.24987798926305516,0.01568627450980392,0.0,0.0
4.270766032488105e-12,5.61043399238681e-12,0.0,0.0,0.001526580459770115,0.5333289930908766,0.0,0.0015625,0.0,0.0,0.0,0.0
5.270300797340088e-13,6.244638595283294e-13,0.0,0.0,0.0,0.001302072737038273,0.0,0.0,0.9995119570522206,0.0,0.00016276041666666666,0.0
2.5336271969322855e-10,3.051105479379145e-10,0.0,0.06349206349206349,0.0007183908045977011,0.2666644965454383,0.0,0.037451171875,0.0,0.3137254901960784,8.138020833333333e-05,0.006510416666666667
6.231096749687024e-10,7.998948725607134e-10,0.3333333333333333,0.0,0.9655172413793104,0.0,0.063913470993117,0.00078125,0.0,0.0,0.014628092447916666,0.0
1.7812613606338346e-08,2.0377205700583545e-08,0.0,0.0,0.0,0.0,0.0,0.0,0.0,0.4392156862745098,0.0013020833333333333,0.0
2.3915239566463242e-08,2.6422826593375248e-08,0.0,0.0,0.0035919540229885057,0.0,1.9204768928220254e-05,0.0,0.0,0.0,0.0,0.0
5.199091712704274e-10,6.635131333254661e-10,0.0,0.25396825396825395,0.0,0.0,0.1111111111111111,0.0,0.0,0.3176470588235294,0.0,0.0
6.486230219593381e-09,7.400658308398531e-09,0.0,0.0,0.0,0.0,0.0,0.0,0.0002440214738897023,0.0,0.0,0.25
1.7108915673080816e-10,2.0061954875139063e-10,0.0,0.0,0.9655172413793104,0.001302072737038273,0.003933136676499509,0.80078125,0.24987798926305516,0.027450980392156862,0.0,0.0
1.5928294794242956e-10,1.9288094732505806e-10,0.3333333333333333,0.015873015873015872,0.0028735632183908046,0.0,1.9204768928220254e-05,0.0001953125,0.9995119570522206,0.28627450980392155,0.0038859049479166665,0.0
5.029472949225066e-10,5.789406731793179e-10,0.0,0.0,0.9310344827586207,0.004166632758522473,0.0,0.0001953125,0.0,6.127450980392157e-05,0.3541666666666667,0.25
8.671125484305262e-10,1.0924365856368468e-09,0.0,0.0,0.9770114942528736,0.0,1.9204768928220254e-05,0.8,0.0,0.0628063725490196,0.3333333333333333,0.0
2.969969727928401e-07,3.444604317337508e-07,0.3333333333333333,0.25396825396825395,0.9310344827586207,0.0,0.0009832841691248771,0.21015625,0.0,0.2549019607843137,0.00518798828125,0.3333333333333333
4.098284211995208e-11,4.771015874038831e-11,0.0,0.0,0.0,1.627590921297841e-05,0.20747295968534907,0.024951171875,0.0002440214738897023,0.2823529411764706,0.0,0.0
1.8253460964956503e-09,2.0817381152227203e-09,0.3333333333333333,0.2698412698412698,0.0,0.001302072737038273,0.20452310717797442,0.00078125,0.0,0.0,0.0004069010416666667,0.0
1.172801994409056e-10,1.4953861759980924e-10,0.0,0.0,0.0007183908045977011,0.0,0.0,0.0,0.0,0.9686274509803922,0.0025227864583333335,0.0
5.281049197947141e-07,6.11698169450392e-07,0.3333333333333333,0.015873015873015872,0.011090158045977011,0.8166600206704047,0.25172074729596855,0.00078125,0.06246949731576379,0.0,0.0,0.0
6.044047751174729e-08,6.651521999856413e-08,0.0,0.0,0.0,0.0,1.9204768928220254e-05,0.0001953125,0.0,0.035355392156862744,0.3336588541666667,0.3333333333333333
5.728927998660537e-09,6.8606840208929035e-09,0.0,0.0,0.0006734913793103449,0.9999918620453935,1.0,0.002734375,0.0,0.06666666666666667,0.007975260416666666,0.3333333333333333
2.0457349592106773e-08,2.278289734647388e-08,0.0,0.0,0.0,4.068977303244603e-06,0.0,0.0,0.31234748657881894,6.127450980392157e-05,0.08333333333333333,0.0
1.0197716449056315e-08,1.1369736263588948e-08,0.3333333333333333,0.2698412698412698,0.0,0.537495625849399,0.06293018682399214,0.0,0.0004880429477794046,0.4392156862745098,0.000244140625,0.3333333333333333
2.4808306520185397e-09,2.722524206077992e-09,0.0,0.25396825396825395,0.0007183908045977011,0.0,0.0009832841691248771,0.0,0.0,6.127450980392157e-05,0.0,0.0
8.685327457236267e-10,1.161777563041255e-09,0.0,0.0,0.9310344827586207,0.004166632758522473,0.008849557522123894,0.0,0.0,0.2549019607843137,0.015645345052083332,0.25
2.025769418878553e-08,2.44546516370292e-08,0.3333333333333333,0.25396825396825395,0.9200790229885057,0.0,0.0,0.0015625,0.0,0.01568627450980392,2.0345052083333332e-05,1.0
4.868028469218189e-08,5.3833211666187715e-08,0.0,0.0,0.0,0.0,0.0009832841691248771,0.003955078125,0.0,0.0,0.01568603515625,0.5833333333333334
5.026234362048854e-07,5.396997835305228e-07,0.0,0.0,0.735632183908046,0.0,1.5363815142576205e-05,0.0001953125,0.0007320644216691069,6.127450980392157e-05,0.0,0.0
1.921081960176707e-09,2.141650634612801e-09,0.0,0.0,0.9195402298850575,0.020833163792612366,0.007866273352999017,0.0060546875,0.0026842362127867253,0.18823529411764706,0.0,0.0
3.60530028054029e-09,4.058801295059311e-09,0.0,0.4603174603174603,0.0,0.0,0.0,0.0,0.0,0.0,0.0,0.0
1.0614064294145464e-08,1.2056525555692588e-08,0.0,0.015873015873015872,0.00031429597701149425,0.7999934896363148,0.7551622418879056,0.21015625,0.0,0.0,0.0,0.006510416666666667
2.6532871899576094e-08,3.1579801884618064e-08,0.6666666666666666,0.0,0.0007183908045977011,0.0,0.003933136676499509,0.0,0.0,0.0,0.020833333333333332,0.0
2.4313358437666466e-08,2.8194522272428912e-08,0.0,0.0,0.735632183908046,0.8041601223948373,0.5162241887905604,0.005615234375,0.0,0.01568627450980392,0.08333333333333333,0.0
6.257831752787267e-11,7.35604008261781e-11,0.0,0.0,0.0,0.0,0.0,0.000244140625,0.0,0.03137254901960784,0.005208333333333333,0.3333740234375
2.6926181284636637e-09,3.2430331753374726e-09,0.0,0.4444444444444444,0.0,0.0010579340988435967,0.0,0.024951171875,0.0002440214738897023,0.19215686274509805,0.0003255208333333333,0.0
7.373781446551317e-11,9.109295956433172e-11,1.0,0.7619047619047619,0.0007183908045977011,0.0,1.9204768928220254e-05,3.662109375e-05,0.9995119570522206,0.0,0.0003255208333333333,0.0
1.5686186724539475e-11,1.9989754643234825e-11,0.0,0.25396825396825395,0.0,0.0,0.1887905604719764,0.024609375,0.0002440214738897023,0.25098039215686274,0.0,0.0
1.1653906728525951e-09,1.3319108038700731e-09,0.0,0.0,0.0,0.0,0.0,0.00078125,0.18740849194729137,0.0,0.08335367838541667,0.0003255208333333333
2.991473735391992e-11,3.6468834896385965e-11,0.0,0.0,0.009339080459770116,0.0,0.0,0.003125,0.0,0.0,4.0690104166666664e-05,0.0
7.885043312727547e-12,1.0472318325016604e-11,0.0,0.38095238095238093,0.0,0.001302072737038273,0.0,0.00078125,0.0002440214738897023,0.0628063725490196,0.3551432291666667,0.0
3.64951233677857e-08,4.5873640885929496e-08,0.0,0.0,0.0,0.06666612413635957,1.9204768928220254e-05,0.010302734375,0.0,0.0,0.0,0.0
5.316654672071762e-09,5.9039440003516575e-09,0.0,0.25396825396825395,0.0,0.0010579340988435967,0.1887905604719764,0.037353515625,0.0,0.0,0.0,0.0
1.865445797832876e-09,1.977815244913472e-09,0.0,0.0,0.0,0.0,0.5034414945919371,0.009375,0.0,0.3137254901960784,0.0,0.0013834635416666667
4.3308308328438017e-11,5.4015795308837156e-11,0.0,0.0,0.0,0.0010416581896306183,1.9204768928220254e-05,0.2,0.0007320644216691069,0.9764705882352941,0.0,0.0
1.1868248606106135e-08,1.3896868544804876e-08,0.3333333333333333,0.30158730158730157,0.0028735632183908046,0.33333875863640433,0.7551622418879056,0.0,0.9995119570522206,0.7529411764705882,0.0,0.0
2.611648497463648e-08,2.8199469426226642e-08,0.0,0.0,0.0,0.033341200022786274,0.0,0.1875,0.0,0.0,0.0,0.0
7.290606784948751e-09,8.413954866171025e-09,0.0,0.0,0.0028735632183908046,0.33333875863640433,0.7876106194690266,0.053955078125,0.0,6.127450980392157e-05,0.4166666666666667,0.0003255208333333333
7.225658960052782e-11,8.513127008891175e-11,0.0,0.0,0.0,0.0,0.03933136676499508,0.0,0.0,0.0,2.0345052083333332e-05,0.0
1.13069127394283e-08,1.3923851405195364e-08,0.0,0.0,0.00017959770114942528,0.5333289930908766,0.23107177974434612,0.012109375,0.0,0.0,0.001708984375,0.0
6.355311416017527e-11,8.328412959279774e-11,0.0,0.0,4.489942528735632e-05,0.0,0.0,0.0001953125,0.0,0.0,0.0,0.0
1.3746666305269883e-10,1.713520575430394e-10,0.0,0.0,0.0,8.137954606489205e-06,0.7551622418879056,0.0,0.0,0.0,0.00323486328125,0.3333333333333333
4.5391352898604964e-09,5.426616489501156e-09,0.0,0.0,0.0,0.0,0.5034414945919371,0.009375,0.0,0.3137254901960784,0.0,0.0
2.7390914536518096e-10,3.4716088337383155e-10,0.0,0.0,0.0,0.0,0.1887905604719764,0.003955078125,0.0,0.0,0.0,0.0
1.8885632613319103e-08,2.3612285460217208e-08,0.0,0.25396825396825395,0.0,0.0,1.9204768928220254e-05,0.009521484375,0.0,0.396078431372549,0.0013020833333333333,0.0
3.0338645484739857e-10,3.9857267486453907e-10,0.3333333333333333,0.30158730158730157,4.489942528735632e-05,0.0,0.004916420845624385,0.0,0.0,0.0,0.0,0.0
1.2364657742125472e-08,1.2917456437833152e-08,0.0,0.0,0.9655172413793104,0.0,0.07866273352999016,3.662109375e-05,0.9995119570522206,0.0,0.0,0.0
1.65562212828263e-08,1.7750378944469958e-08,1.0,0.9365079365079365,0.002379669540229885,0.0,0.0,0.0,0.0,6.127450980392157e-05,0.3333536783854167,0.0003255208333333333
4.464172087548235e-12,6.440693464671021e-12,0.0,0.38095238095238093,0.0,0.020833163792612366,0.0,0.000390625,0.0,0.0,8.138020833333333e-05,0.3385416666666667
1.1458570897682208e-10,1.2645823277424029e-10,1.0,0.2698412698412698,0.0007183908045977011,0.0,1.9204768928220254e-05,0.00947265625,0.0,0.8784313725490196,0.0028889973958333335,0.0
1.8131992435277408e-11,2.3253138997647582e-11,0.0,0.0,0.0013469827586206897,0.0,0.0,0.0,0.0004880429477794046,0.8352941176470589,0.0013020833333333333,0.0
5.5735811521628875e-09,6.401536190026035e-09,0.0,0.4444444444444444,0.0,0.2666644965454383,0.04424778761061947,0.17528076171875,0.0,0.0,0.0,0.0
2.1731279276071544e-10,2.3477669808258383e-10,0.0,0.015873015873015872,0.0035470545977011494,0.9999918620453935,0.7551622418879056,0.0125,0.0,0.9607843137254902,0.0013020833333333333,0.0
5.119808133002833e-09,5.949806869409712e-09,0.0,0.25396825396825395,0.0,0.0,0.0,0.2,0.0,0.1568627450980392,8.138020833333333e-05,0.006510416666666667
2.5407578263525465e-08,3.040007712229453e-08,0.0,0.0,0.0,0.020833163792612366,0.0,0.0015625,0.0,0.47058823529411764,0.0045166015625,0.0
4.948363385715027e-10,5.994124641084395e-10,0.0,0.0,0.0,0.0,0.0,0.01015625,0.0,0.0,0.0,0.0
1.5896275962212767e-10,1.8644702448611383e-10,0.0,0.0,0.0,0.0,0.0,0.087451171875,0.0,0.03137254901960784,8.138020833333333e-05,0.0
5.85493251104019e-11,6.892720422202459e-11,0.0,0.0,0.0028735632183908046,0.0,0.0,0.8,0.0,6.127450980392157e-05,0.3336588541666667,0.0
3.5793781827386795e-10,4.070055403815331e-10,0.0,0.0,0.0,0.2666644965454383,0.0,0.1404296875,0.0002440214738897023,0.03137254901960784,0.00128173828125,1.0
2.982185165478768e-09,3.598457753994921e-09,0.0,0.0,0.0,0.0,0.07866273352999016,0.00069580078125,0.9995119570522206,0.03137254901960784,0.0,0.0
5.0819908281596335e-09,5.5479141281011835e-09,0.0,0.0,0.0007183908045977011,0.033333062068179785,1.9204768928220254e-05,0.0001953125,0.0,0.00392156862745098,0.0038859049479166665,0.020833333333333332
3.1869018535246596e-09,3.878227960996128e-09,0.0,0.0,0.010910560344827586,0.7999934896363148,0.0,0.000390625,0.12493899463152758,0.0,0.08333333333333333,8.138020833333333e-05
5.370232258883333e-09,6.077035319407287e-09,0.3333333333333333,0.38095238095238093,0.0,0.0,0.0,0.0,0.0,0.0,0.0,0.0
1.2948878236329622e-07,1.5299077915642556e-07,0.0,0.0,0.0,0.0,0.015732546705998034,0.01025390625,0.0,0.2823529411764706,0.0,0.0013834635416666667
1.3368949502989837e-08,1.6445719452917732e-08,0.3333333333333333,0.25396825396825395,0.0,0.0,0.015732546705998034,0.0,0.31234748657881894,0.0,0.00042724609375,0.3333333333333333
1.5090591276578635e-10,2.00463479149704e-10,0.0,0.0,0.9195402298850575,0.020833163792612366,0.03933136676499508,0.0015625,0.0,6.127450980392157e-05,0.4166666666666667,0.0
4.2418557555379274e-09,5.092256394334527e-09,0.0,0.0,0.0028735632183908046,0.049999593102269674,0.0,0.049951171875,0.0,0.47058823529411764,0.0014241536458333333,0.0
1.859954724958701e-11,2.505684722209356e-11,0.0,0.0,0.9310344827586207,0.004166632758522473,0.23107177974434612,0.002392578125,0.015617374328940947,0.01568627450980392,0.020833333333333332,0.0
5.5898940587439945e-08,6.551923092956713e-08,0.0,0.0,0.0,0.0010416581896306183,1.5363815142576205e-05,0.21015625,0.0,0.4392156862745098,0.0013427734375,0.0
1.1632792507043632e-08,1.3178462765495167e-08,0.0,0.0,0.0,0.0,0.07867809734513274,0.0,0.0,0.003982843137254902,0.3343912760416667,0.0
1.5662270091976183e-11,1.9133677281457647e-11,0.0,0.0,0.0,0.0,0.0,0.0,0.0,6.127450980392157e-05,0.3333536783854167,0.0
7.016886627297936e-09,7.699226145518878e-09,0.0,0.0,0.0009428879310344828,0.5333289930908766,0.2999016715830875,0.025,0.0,0.0,0.0025634765625,0.0
4.126994213038416e-07,4.5641294832421414e-07,0.0,0.0,0.0002244971264367816,0.06666612413635957,0.1887905604719764,0.003955078125,0.0,0.0,0.0045166015625,0.0
1.2995052145470252e-08,1.5467133351876328e-08,0.3333333333333333,0.2698412698412698,0.00017959770114942528,1.627590921297841e-05,0.0,0.1125,0.0,0.01568627450980392,0.0,0.0
1.5256437890798225e-08,1.7438226862509513e-08,0.0,0.015873015873015872,0.0,0.0,1.9204768928220254e-05,0.009521484375,0.0,0.03137254901960784,0.0,0.0
4.8354269921446764e-08,5.5434320245240094e-08,0.3333333333333333,0.30158730158730157,0.0006734913793103449,0.6666612413635957,0.48180924287118976,0.049609375,0.0,0.0,0.0,0.0
1.707645509441136e-07,1.9538727258350266e-07,0.0,0.0,0.0,0.0,0.48770894788593905,0.003955078125,0.0,0.2549019607843137,0.0,0.0
4.447266999108024e-09,4.854285418076642e-09,0.0,0.0,0.0,8.137954606489205e-06,0.0471976401179941,0.009375,0.0,0.25098039215686274,0.0,0.0
6.493254545159033e-11,7.535943397085629e-11,0.0,0.0,0.9655172413793104,0.0,0.0,0.00078125,0.31234748657881894,0.01568627450980392,2.0345052083333332e-05,0.3333333333333333
1.0197954480872796e-07,1.2343646460521998e-07,0.3333333333333333,0.2698412698412698,0.0007183908045977011,6.510363685191364e-05,0.003933136676499509,1.220703125e-05,0.9995119570522206,0.0,0.0,0.0
2.23932072884736e-09,2.578784963347402e-09,0.0,0.0,0.7471264367816092,0.0,0.01671583087512291,0.0,0.0,0.0,0.0004069010416666667,0.0013020833333333333
5.508596617048722e-12,6.987987011958241e-12,0.0,0.0,0.0,0.0010416581896306183,0.0,0.031103515625,0.0,0.03137254901960784,0.0,0.0
6.424688558936963e-10,7.535357338106507e-10,0.0,0.0,0.0007183908045977011,0.0,0.12586037364798427,0.005615234375,0.0,0.5019607843137255,0.0,0.0
1.2458752918220741e-09,1.6336850761078379e-09,0.3333333333333333,0.3968253968253968,0.00017959770114942528,0.0,0.0,0.0,0.0,0.0,0.0,0.0
3.960098915456456e-10,4.512639983911271e-10,0.0,0.0,0.9195402298850575,0.020833163792612366,0.03933136676499508,0.002734375,0.0002440214738897023,0.0,0.0,0.0
1.4713139151467656e-08,1.8883723029716748e-08,0.0,0.0,0.9310344827586207,0.05416622586079215,0.012782694198623401,0.0,0.0007320644216691069,0.0628063725490196,0.3333333333333333,0.3333333333333333
7.535293633509353e-08,8.953026053859504e-08,0.3333333333333333,0.2698412698412698,0.0,8.137954606489205e-06,0.0,0.149951171875,0.0002440214738897023,0.3176470588235294,0.005228678385416667,4.0690104166666664e-05
9.522914679038763e-10,1.1292381474348188e-09,0.0,0.4444444444444444,0.0031429597701149426,0.33333062068179786,0.011799410029498525,0.018359375,0.0002440214738897023,0.0,8.138020833333333e-05,0.006510416666666667
4.6007551934845736e-11,5.7961101196379865e-11,0.0,0.25396825396825395,0.0,0.0,0.0,0.02421875,0.0,0.0,0.0,0.0
4.8103416361300326e-08,5.5721383063200847e-08,0.0,0.0,0.9195402298850575,0.020833163792612366,0.043264503441494594,0.024755859375,0.0002440214738897023,0.4431985294117647,0.3333333333333333,0.0
7.552387160103535e-08,8.690854969017893e-08,0.0,0.25396825396825395,4.489942528735632e-05,0.06770778232599019,1.5363815142576205e-05,0.0,0.31234748657881894,0.01568627450980392,0.0004069010416666667,0.0
1.0635493874477928e-10,1.2124727610807184e-10,1.0,0.7619047619047619,0.0007183908045977011,0.0,0.0,0.0,0.003904343582235237,0.8196078431372549,4.0690104166666664e-05,0.0
5.012466886000765e-09,5.5271067722628694e-09,0.0,0.0,0.735632183908046,0.0,0.0,0.081103515625,0.0,0.12549019607843137,0.00020345052083333334,0.0
1.4145899740469758e-06,1.5799610082467552e-06,0.0,0.2698412698412698,0.0,0.00026041454740765457,0.1887905604719764,0.0,0.0,0.25098039215686274,0.0006103515625,0.0
1.4321097085989718e-10,1.9500870362954004e-10,0.0,0.0,0.011494252873563218,0.0,0.24385447394296952,0.018359375,0.0,0.25098039215686274,0.0013020833333333333,0.0
5.650303003257307e-10,7.294149728664933e-10,0.0,0.0,0.9310344827586207,0.004166632758522473,0.1976401179941003,0.00234375,0.0,0.0,2.0345052083333332e-05,1.0
4.744298820469339e-08,5.2549967932691295e-08,0.0,0.0,0.9310344827586207,0.001302072737038273,0.0,0.8001953125,0.0,0.8156862745098039,0.0013834635416666667,0.0
1.1810961930702744e-11,1.3779840983552116e-11,0.0,0.0,0.7471264367816092,0.0,0.48770894788593905,0.00390625,0.0,0.0,0.0,0.0
2.178499158844716e-07,2.692086980005116e-07,0.0,0.0,0.0,8.137954606489205e-06,0.0,0.0,0.0,6.127450980392157e-05,0.3333536783854167,0.0
2.8848687327887035e-10,3.272041249058333e-10,0.0,0.25396825396825395,0.0,0.0,0.0,0.000390625,0.0,0.0196078431372549,0.0,0.0
2.361164597175502e-09,3.0063660449997087e-09,0.3333333333333333,0.2698412698412698,0.0,0.004166632758522473,0.03146509341199607,0.0,0.0,0.7568627450980392,0.0002848307291666667,0.0
1.1696283941375896e-09,1.3832257561574581e-09,0.3333333333333333,0.2698412698412698,0.0,0.0,0.0,0.012109375,0.0,0.03137254901960784,0.0,0.0
1.9520668415040632e-10,2.4359519956718145e-10,0.0,0.0,0.0,0.0,0.03146509341199607,0.0,0.0,0.0,0.0,0.0
1.7093260140654818e-10,1.9722613819883603e-10,0.0,0.015873015873015872,0.0007183908045977011,0.0,0.003933136676499509,0.0,0.0007320644216691069,0.47058823529411764,0.0002848307291666667,0.0
1.8130584533704308e-10,2.1058539634299928e-10,0.0,0.0,0.9655172413793104,0.0,0.07866273352999016,0.0001953125,0.9995119570522206,0.00392156862745098,0.0,0.3333333333333333
1.1445318648384273e-07,1.3758570105437684e-07,0.0,0.0,0.0,0.0,0.06293018682399214,0.0,0.12493899463152758,6.127450980392157e-05,0.0003255208333333333,0.0
2.0699421343639557e-10,2.3872692711535137e-10,0.0,0.0,0.0,0.004166632758522473,0.0,0.005517578125,0.0,0.0,2.0345052083333332e-05,0.3333333333333333
4.0198504080990474e-08,4.704434175550888e-08,0.0,0.0,0.0,0.0,0.0,0.143408203125,0.0,6.127450980392157e-05,0.3333333333333333,0.0
5.469634745125518e-10,6.339939129240688e-10,1.0,0.3333333333333333,0.0,0.0,0.0,0.005859375,0.0,0.0,2.0345052083333332e-05,0.3333333333333333
2.0143223977697744e-08,2.2364277540987132e-08,0.3333333333333333,0.0,0.9655172413793104,0.0,0.0,0.024951171875,0.0,0.01568627450980392,0.005208333333333333,0.08333333333333333
2.6851099121927287e-09,3.371114942751773e-09,0.0,0.25396825396825395,0.0007183908045977011,0.0,1.9204768928220254e-05,0.0001953125,0.0,0.12549019607843137,0.0019124348958333333,0.0
3.105557366822608e-09,3.9421124142791095e-09,0.0,0.0,0.034482758620689655,0.0,0.0,0.0,0.0,0.7529411764705882,0.0019124348958333333,0.0
2.6495615657040616e-07,2.908672627199849e-07,1.0,1.0,0.0,8.137954606489205e-06,0.25172074729596855,0.0,0.0,0.0,0.0038859049479166665,1.0
7.166495841204322e-09,7.649837208134612e-09,0.0,0.0,0.9310344827586207,0.004166632758522473,0.23107177974434612,0.000390625,0.0,0.0,0.0,0.3333333333333333
2.3021609063533788e-09,2.6538626851646532e-09,0.0,0.0,0.0,0.004166632758522473,0.03933136676499508,0.0,0.0,0.7529411764705882,0.0,0.0
1.6529731750036802e-10,2.1205050215744592e-10,0.0,0.0,0.0,0.0,0.015732546705998034,0.03564453125,0.9995119570522206,0.2823529411764706,0.0,0.0
6.2761746910666716e-09,7.224135956107601e-09,0.0,0.0,0.735632183908046,0.004166632758522473,0.11112647492625369,0.0,0.0,0.0,0.0,0.3333333333333333
4.5186471751834656e-12,5.4517349835914156e-12,0.3333333333333333,0.2698412698412698,0.0,0.0,0.0,0.1435546875,0.0007320644216691069,1.0,0.008443196614583334,0.3333333333333333
1.1194655202828583e-09,1.3695117262457755e-09,0.0,0.0,0.0,0.0,0.01671583087512291,0.037451171875,0.0,0.1568627450980392,0.00909423828125,1.0
1.1898608487381776e-10,1.3384959807183347e-10,0.0,0.0,0.0,0.0,0.0009832841691248771,0.0,0.0,0.31378676470588235,0.3333333333333333,0.0003255208333333333
4.613367188266437e-10,5.63095903238775e-10,0.0,0.0,0.9655172413793104,0.2666644965454383,0.0009832841691248771,0.0,0.0,0.0,0.0,0.0
9.926932875714557e-08,1.1202911309737829e-07,0.0,0.0,0.0007183908045977011,0.0,0.0,0.02501220703125,0.0,0.12549019607843137,0.0,0.0013834635416666667
5.391302515533879e-09,6.459772272648933e-09,0.0,0.25396825396825395,0.0,0.0,0.0,0.0,0.0,0.0,0.004536946614583333,0.0
2.3198552412395657e-08,2.6920236706473588e-08,0.0,0.0,0.0007183908045977011,0.0,0.0,0.00390625,0.0,0.0,0.0,0.3333333333333333
9.574602222173212e-10,1.1284005951850416e-09,0.0,0.0,0.0028735632183908046,0.0,0.5034414945919371,0.0,0.0004880429477794046,0.3176470588235294,0.0,0.0
4.6943431780688265e-11,5.5996925846235606e-11,0.0,0.25396825396825395,0.0,0.0,1.9204768928220254e-05,0.01025390625,0.0,0.00392156862745098,0.0026041666666666665,0.0
1.4452633756434352e-08,1.554290030014727e-08,0.0,0.0,0.001391882183908046,0.6666612413635957,0.0,0.0,0.0,0.9686274509803922,0.014628092447916666,0.0
1.3190704351018212e-07,1.4840469475529974e-07,0.0,0.0,0.0007183908045977011,0.0,0.0,0.0,0.0,0.0,8.138020833333333e-05,0.0
8.732240708297921e-09,1.0895114144204852e-08,0.0,0.25396825396825395,0.0,0.0,0.0,0.018359375,0.0004880429477794046,0.06274509803921569,0.0,0.006510416666666667
2.1438155417552446e-10,2.4447865953902687e-10,0.0,0.0,0.0,0.0,0.0002458210422812193,0.0,0.0,0.0,0.0,0.006510416666666667
1.519061612609285e-11,1.997588032487396e-11,0.0,0.0,0.0007183908045977011,0.0,1.9204768928220254e-05,0.00020751953125,0.9995119570522206,0.0,0.0,0.0
2.007344734877847e-09,2.2706534430483316e-09,0.0,0.0,0.9195402298850575,0.0,0.01671583087512291,0.0,0.0004880429477794046,0.0,0.0,0.0
8.472380130797319e-09,1.0561578278611704e-08,0.0,0.0,0.0,8.137954606489205e-06,0.7551622418879056,0.003955078125,0.0,0.01568627450980392,0.0,0.0
1.8829262593555995e-09,2.2931201382192508e-09,0.0,0.0,0.0028735632183908046,0.0,0.06293018682399214,0.00078125,0.0,0.01568627450980392,0.0,0.0
5.600520491810811e-09,7.2022743324851035e-09,0.0,0.0,0.0,0.0,0.0,0.000830078125,0.0004880429477794046,0.8352941176470589,0.0013020833333333333,0.00390625
1.1116270126620975e-09,1.339068522732134e-09,0.0,0.9523809523809523,0.0,0.0,0.015751751474926252,0.0,0.0,0.0,0.0,0.0
2.8992301892571962e-08,3.310071505779888e-08,0.0,0.25396825396825395,0.0007632902298850575,0.0,1.5363815142576205e-05,0.0,0.9995119570522206,0.06274509803921569,0.020833333333333332,0.0
1.5380260620645462e-08,1.8949679159163683e-08,0.0,0.0,0.0007183908045977011,0.0,0.00030727630285152407,0.0,0.0004880429477794046,0.06274509803921569,4.0690104166666664e-05,0.0
1.4445358686998588e-08,1.6218940857015696e-08,0.0,0.0,0.0007183908045977011,0.0,0.0,0.0,0.0,0.0,0.009073893229166666,0.3333333333333333
1.7737849589138937e-07,1.9189633349014917e-07,0.0,0.0,0.0,8.137954606489205e-06,0.5506391347099312,0.0,0.0,0.0,0.0025838216145833335,0.0
1.6489002163666555e-08,1.9553629826418728e-08,0.0,0.0,0.04597701149425287,0.0,0.015751751474926252,0.0001953125,0.0,0.12549019607843137,0.0028889973958333335,0.0
3.957633266243876e-12,5.482935720030335e-12,0.0,0.25396825396825395,0.001391882183908046,0.5333289930908766,0.0,0.0,0.0,6.127450980392157e-05,0.3333333333333333,0.0
1.1114367204356768e-08,1.20088579080857e-08,0.0,0.0,0.0,0.0,0.0,0.0,0.0,0.03137254901960784,0.0,0.0
5.753611276304583e-07,6.175202429403727e-07,0.0,0.25396825396825395,0.00017959770114942528,0.0,0.0009832841691248771,0.0,0.0002440214738897023,6.127450980392157e-05,0.3333333333333333,0.006510416666666667
9.394410804830502e-10,1.1727893101109994e-09,0.0,0.0,0.006285919540229885,0.9999918620453935,0.0943952802359882,0.12794189453125,0.9995119570522206,0.28627450980392155,0.0,0.0
1.7337363766856127e-09,2.2101778185401603e-09,0.0,0.0,0.0,0.0,0.7551622418879056,0.2,0.0021961932650073207,6.127450980392157e-05,0.3333333333333333,0.0
2.0324570471075283e-08,2.3128349013745723e-08,0.0,0.0,0.7471264367816092,0.0,0.1111111111111111,0.0,0.0,0.0628063725490196,0.3333333333333333,8.138020833333333e-05
2.8186226685988913e-09,3.3942579857892943e-09,0.0,0.0,0.0,0.0,1.5363815142576205e-05,0.2,0.0,0.0,0.0009765625,0.0
8.874558865556992e-09,1.066463450882793e-08,0.0,0.4444444444444444,0.0,0.0,0.5585054080629301,0.01328125,0.0,0.0,0.0,0.006510416666666667
1.4763303080034262e-10,1.7111004280145892e-10,0.0,0.0,0.9195402298850575,0.016666531034089892,0.0,0.0015625,0.0,0.0,0.008443196614583334,0.3333740234375
9.846839787996942e-09,1.087018475232071e-08,0.0,0.0,0.0028735632183908046,8.137954606489205e-06,0.0,1.220703125e-05,0.9995119570522206,0.09411764705882353,0.0003255208333333333,0.0013020833333333333
9.56869641299818e-08,1.1672560162878655e-07,0.0,0.0,0.0,0.0,0.0,0.0,0.0,0.8784313725490196,0.0,0.0
9.628893593571777e-08,1.0945817763285961e-07,0.0,0.06349206349206349,0.0028735632183908046,0.2666644965454383,0.0,0.10059814453125,0.0007320644216691069,6.127450980392157e-05,0.3333333333333333,0.0068359375
4.867025893418032e-08,5.218868182055304e-08,0.0,0.0,0.0,0.0,0.0,0.011767578125,0.0,0.0,0.0,0.0
9.43426048394258e-09,1.0789975135594432e-08,0.0,0.0,0.0,8.137954606489205e-06,0.003933136676499509,0.037109375,0.0,0.0,0.005839029947916667,0.3333333333333333
5.883007275775398e-11,7.600554907671861e-11,0.0,0.0,0.05747126436781609,0.0,0.0,0.08114013671875,0.0,0.0,0.0025634765625,0.6666666666666666
5.8241784728352286e-08,6.497241855640823e-08,0.3333333333333333,0.30158730158730157,0.0,0.00027669045662063297,0.0,0.2,0.0,0.06274509803921569,0.0009969075520833333,1.0
5.321433604876802e-07,5.801491624879418e-07,0.3333333333333333,0.2698412698412698,0.0,0.0,0.0009832841691248771,0.0,0.0,0.0,0.0,0.0
1.6970634897361943e-09,2.0595583016813634e-09,0.0,0.0,0.0007183908045977011,0.0,0.0,0.0,0.24987798926305516,0.0,0.0,0.0
1.4799545589028185e-08,1.7299090160349803e-08,0.0,0.0,0.0,0.0,0.015732546705998034,0.00625,0.0,0.0628063725490196,0.3333333333333333,0.020833333333333332
2.950722131911388e-12,3.944971953273591e-12,0.0,0.0,0.9655172413793104,0.2666644965454383,0.0009832841691248771,0.0,0.003904343582235237,0.0,2.0345052083333332e-05,0.2708333333333333
6.775237489098362e-12,8.160579850757799e-12,0.0,0.06349206349206349,0.010775862068965518,0.0,0.0,0.8,0.0,0.0,0.0003255208333333333,0.0
4.9367612220407856e-09,5.476902931178528e-09,0.0,0.0,0.0,0.0,0.0,0.0015625,0.0,0.0,0.0,0.0
6.958156006930949e-08,7.70981074538213e-08,1.0,1.0,0.0028735632183908046,0.7999934896363148,0.0,0.0,0.0,6.127450980392157e-05,0.08333333333333333,0.0
3.558266570280466e-08,3.9859589406887614e-08,0.0,0.0,0.0007183908045977011,0.5333289930908766,0.0009832841691248771,0.15467529296875,0.0004880429477794046,6.127450980392157e-05,0.0,0.0
1.501494484301702e-09,1.753072687016299e-09,0.0,0.25396825396825395,0.0005836925287356322,0.13333224827271914,0.004916420845624385,0.053369140625,0.0,0.0,0.0,0.0
6.788917206179689e-10,8.58454918262197e-10,0.0,0.0,0.003636853448275862,0.0,0.0,0.00078125,0.0,0.0,0.0004069010416666667,0.0
2.451591374352801e-09,3.084282607090926e-09,0.0,0.25396825396825395,0.0007183908045977011,0.0,0.0,0.00390625,0.0,0.0,0.0,0.0
2.611992222512072e-08,2.945599852921532e-08,0.3333333333333333,0.015873015873015872,0.011494252873563218,0.0,0.0,0.209375,0.0,0.44313725490196076,0.005228678385416667,0.3333333333333333
2.692936540427126e-09,3.148878269243482e-09,0.3333333333333333,0.8253968253968254,0.0007183908045977011,0.5333289930908766,0.0,0.0,0.0,0.0,0.0,0.25
1.0448277976138345e-07,1.2176556651866124e-07,0.0,0.2698412698412698,0.0,0.0,0.0,0.0,0.0002440214738897023,0.3176470588235294,0.0,0.0
1.1241780943638256e-11,1.5722850105204245e-11,1.0,0.30158730158730157,0.0,0.0,0.0,0.0,0.0,0.0,0.0,0.0
4.57832764755306e-11,5.7159662419925526e-11,0.0,0.0,0.0,0.0,0.0,0.037451171875,0.0,0.12549019607843137,0.00016276041666666666,0.0
1.429918796702623e-07,1.5504076600336705e-07,0.0,0.0,0.0,0.0,0.007866273352999017,0.050244140625,0.0,0.0,0.0,0.166748046875
1.5802488206873022e-08,1.7725072964935862e-08,0.0,0.0,0.0008979885057471264,0.0,0.07964601769911504,0.009375,0.0,0.3137254901960784,0.0,0.0
8.931883566098975e-10,1.1094093421704088e-09,0.0,0.0,0.001526580459770115,0.5541621568834889,0.0,0.0,0.0,0.0,0.0012613932291666667,1.0
1.0838095754195365e-08,1.3382828178976068e-08,1.0,0.7777777777777778,0.0007183908045977011,0.0,0.0009832841691248771,0.0,0.31234748657881894,0.0,0.0,0.0
2.299332635402607e-07,2.570049559835752e-07,0.0,0.0,0.0022898706896551722,0.5333289930908766,0.008849557522123894,0.0,0.003904343582235237,0.0,0.0013834635416666667,0.0
6.65723656756434e-11,8.204315005144733e-11,0.0,0.38095238095238093,0.0,0.004166632758522473,0.0,0.0,0.0,0.0,0.0,0.0
1.6783248402152395e-10,1.9613560775511016e-10,0.0,0.0,0.001526580459770115,0.5333289930908766,0.0,0.0,0.0,0.8156862745098039,0.0,0.0
1.0679050888029452e-07,1.129271467448234e-07,0.0,0.0,0.9195402298850575,0.0,0.0,0.002734375,0.0,0.00392156862745098,0.0,0.0
2.333699067325057e-10,2.7115312772885147e-10,0.0,0.0,0.0,0.0010416581896306183,1.5363815142576205e-05,1.220703125e-05,0.9995119570522206,6.127450980392157e-05,0.3333333333333333,0.0
2.2366462848477646e-11,2.4744954349453785e-11,0.0,0.0,0.9310344827586207,0.001302072737038273,0.19567354965585054,0.000390625,0.0,0.06274509803921569,0.0,0.0
9.240463505477692e-09,1.0662274618766789e-08,0.0,0.0,0.0,0.033341200022786274,0.0,0.01328125,0.0,0.0,0.020833333333333332,0.0
1.259227611072333e-09,1.475835453845775e-09,0.0,0.25396825396825395,0.0,0.0,1.9204768928220254e-05,0.010498046875,0.0,0.18823529411764706,0.00016276041666666666,0.0
2.685791145040639e-09,3.0708229292741862e-09,0.0,0.0,0.9655172413793104,0.0,1.5363815142576205e-05,0.0001953125,0.0,0.9450980392156862,0.0019124348958333333,0.0
5.437246652917337e-09,6.322540713199486e-09,0.0,0.0,0.0,0.06666612413635957,0.015732546705998034,4.8828125e-05,0.0,0.01568627450980392,0.005208333333333333,4.0690104166666664e-05
7.808936657027754e-12,9.200632443417955e-12,0.0,0.0,0.0,8.137954606489205e-06,0.0,0.003125,0.0,0.44313725490196076,0.005208333333333333,0.0
9.571083481318965e-09,1.094852652983036e-08,0.0,0.0,0.0,0.0,0.24778761061946902,0.0498046875,0.0,0.4392156862745098,0.0,0.0
2.4432400547169664e-09,3.0764861769227987e-09,0.0,0.0,0.0,0.0,0.0,0.00078125,0.0,0.0,0.0,0.0
2.7078240691369437e-11,3.1137391276470083e-11,0.0,0.0,0.9310344827586207,1.627590921297841e-05,0.12586037364798427,0.000830078125,0.0,0.25098039215686274,0.008443196614583334,0.3333333333333333
7.142665903181467e-10,8.884292745925391e-10,0.0,0.0,0.0,0.001302072737038273,3.840953785644051e-06,1.220703125e-05,0.9995119570522206,0.0,0.0012613932291666667,0.3333333333333333
1.4430074912752389e-08,1.6739660324560646e-08,0.0,0.0,0.0,0.0,0.07867809734513274,0.0,0.0,0.0628063725490196,0.3333333333333333,0.0068359375
6.378476413715361e-09,7.469024509987321e-09,0.0,0.0,0.0,0.0,0.0,0.0001953125,0.9995119570522206,0.0,0.0,0.0
1.7546215591579541e-09,2.1687771578626776e-09,1.0,0.8095238095238095,0.0030980603448275863,0.06666612413635957,0.0,0.0248046875,0.0007320644216691069,0.06274509803921569,0.0,0.0
1.2548609373830288e-10,1.61339830384577e-10,0.0,0.0,0.0,0.0,0.0,0.005859375,0.0002440214738897023,0.06666666666666667,0.00010172526041666667,0.3333333333333333
7.067952889627802e-10,9.248939947248399e-10,0.0,0.015873015873015872,0.0,0.0010579340988435967,0.0,0.00020751953125,0.9995119570522206,0.1568627450980392,0.0038859049479166665,0.3333333333333333
2.1292877183665126e-10,2.705419777093709e-10,0.0,0.25396825396825395,0.0,0.0033853891162995095,1.5363815142576205e-05,0.0,0.0,0.0,0.0,0.0
6.456397194654072e-09,7.717501304682628e-09,0.0,0.0,0.9310344827586207,0.0,0.015732546705998034,0.0,0.0,0.12549019607843137,0.00016276041666666666,0.0
2.481458649672419e-10,2.9073898843989804e-10,0.0,0.0,0.0017510775862068966,0.537495625849399,0.0,0.0,0.0,0.25098039215686274,0.0015869140625,0.0
2.1629800728284463e-10,2.6644161876809846e-10,0.0,0.0,0.0017510775862068966,0.5333289930908766,0.0,0.0,0.0004880429477794046,0.3333333333333333,0.00016276041666666666,0.0
1.4282729665637817e-08,1.6445500961026482e-08,0.0,0.0,0.04597701149425287,0.001302072737038273,1.9204768928220254e-05,0.01015625,0.0002440214738897023,0.25098039215686274,0.0006103515625,0.0
7.593241591052901e-10,9.013947366298679e-10,0.0,0.0,0.0,0.0,0.49557522123893805,0.01328125,0.0,0.06274509803921569,8.138020833333333e-05,0.0
1.5176160772512052e-08,1.778297864518663e-08,0.0,0.0,0.0007183908045977011,0.0,0.25172074729596855,0.003955078125,0.0,0.06274509803921569,0.005594889322916667,0.3333740234375
4.5311708163353615e-08,5.3161297586257206e-08,0.0,0.0,0.0007183908045977011,0.0,0.01671583087512291,0.028125,0.0,0.0,0.0012613932291666667,0.0
8.845340460084115e-09,1.0906174630065381e-08,0.0,0.0,0.0,0.0,0.0,3.662109375e-05,0.9995119570522206,0.0,0.0003458658854166667,1.0
1.6878647784990264e-11,2.0305824730004748e-11,0.0,0.0,0.0007183908045977011,0.0,0.0,0.0,0.0,0.0,0.0,0.3333333333333333
1.3383356645135791e-09,1.5432116695635043e-09,0.0,0.25396825396825395,0.0028735632183908046,0.0,0.043264503441494594,0.05028076171875,0.0,0.12549019607843137,0.6666666666666666,0.006510416666666667
6.020604570444732e-10,7.195748441546357e-10,0.0,0.0,0.0007183908045977011,0.0,0.0,0.0015625,0.0,0.0,0.0,0.0013020833333333333
5.287614790461248e-11,6.3166881447696e-11,0.3333333333333333,0.25396825396825395,0.0,0.0,0.1071779744346116,0.005615234375,0.0,0.0,0.0,0.0
9.66012425607232e-09,1.161206508726309e-08,0.3333333333333333,0.2698412698412698,0.0,0.8041601223948373,0.22910521140609635,0.002734375,0.0,0.06274509803921569,0.0,0.0
2.1981265765913527e-11,2.4851613822374216e-11,0.0,0.0,4.489942528735632e-05,0.06666612413635957,0.0,0.0001953125,0.0,0.03137254901960784,0.0,0.0
2.1285952601229896e-12,2.580025602882952e-12,0.0,0.0,0.0,0.537495625849399,0.014749262536873156,0.0,0.0,0.0,0.015645345052083332,0.5833333333333334
8.623995029211073e-08,9.635103026539583e-08,0.0,0.0,0.9310344827586207,0.0,0.0009832841691248771,0.0,0.0,0.0,0.0,0.0
1.3513598226544408e-11,1.6507257366571437e-11,0.0,0.25396825396825395,0.0008081896551724138,0.5333289930908766,0.0,0.028369140625,0.0004880429477794046,0.0628063725490196,0.3333333333333333,0.0
4.69858318918881e-10,5.149636828072345e-10,0.3333333333333333,0.8253968253968254,0.0,0.0,0.25172074729596855,0.0,0.31234748657881894,6.127450980392157e-05,0.3333333333333333,0.005533854166666667
4.0371519460791205e-09,4.4569050672294e-09,0.3333333333333333,0.2698412698412698,0.0,0.0,0.047201481071779745,0.00068359375,0.9995119570522206,0.00392156862745098,0.0016682942708333333,0.0
1.5953698806470132e-08,1.7780706684789038e-08,0.0,0.12698412698412698,0.0,0.06666612413635957,0.015732546705998034,0.0,0.0,0.0,0.0,0.0
1.0872138259121476e-11,1.3646890041629776e-11,1.0,0.9365079365079365,0.0,0.0,0.0,0.05062255859375,0.9995119570522206,6.127450980392157e-05,0.3333333333333333,0.0
5.781815998195938e-13,7.797799949152418e-13,0.0,0.0,0.0,0.33333875863640433,0.0,0.188330078125,0.0,0.0,0.0,0.0
3.339392096179949e-09,3.924527369747465e-09,0.3333333333333333,0.25396825396825395,0.0,0.0,0.003933136676499509,0.15067138671875,1.0,0.0,0.0,0.005208333333333333
2.2921600381642368e-11,3.1182261633899686e-11,0.0,0.0,0.9655172413793104,0.0010416581896306183,0.003933136676499509,0.003955078125,0.0,0.0,0.0,0.0
1.1983878778210058e-07,1.4133284764739076e-07,0.0,0.25396825396825395,0.0007183908045977011,0.0,0.07964601769911504,0.003955078125,0.0,6.127450980392157e-05,0.020833333333333332,4.0690104166666664e-05
2.3456065978422203e-09,2.7935427304726086e-09,0.0,0.0,0.9770114942528736,0.0,0.0,0.0,0.0,6.127450980392157e-05,0.3551432291666667,0.0
1.4162069739143137e-08,1.7457196577197465e-08,0.0,0.0,0.9198994252873564,0.0,0.063913470993117,0.00059814453125,0.9995119570522206,0.0,0.0012613932291666667,0.0
2.0160855207507207e-09,2.4276924914801157e-09,0.0,0.25396825396825395,0.0,0.0,0.0,0.002734375,0.0,0.28627450980392155,0.0026041666666666665,0.0
6.955478554226957e-11,9.284337187942525e-11,0.0,0.0,0.9254669540229885,0.9374923706675564,0.19665683382497542,0.003955078125,0.0,0.01568627450980392,2.0345052083333332e-05,0.3333333333333333
1.0084076906835544e-09,1.2149227179847344e-09,0.0,0.0,0.0007183908045977011,0.0,0.0,0.003955078125,0.24987798926305516,0.01568627450980392,0.0,0.0
4.29489690340068e-12,5.320075109616074e-12,1.0,0.7777777777777778,0.0007183908045977011,0.0,0.0039369776302851526,0.0001953125,0.0,0.0,0.00016276041666666666,0.0
3.685824481181044e-07,4.25050160401952e-07,0.3333333333333333,0.9523809523809523,0.0007632902298850575,0.0,0.0,0.0,0.0,0.06274509803921569,0.3336588541666667,0.0
1.3451052716106917e-08,1.5131186970052113e-08,0.0,0.0,0.00646551724137931,0.0,0.0,0.0,0.0,6.127450980392157e-05,0.3333333333333333,0.0
6.756780468464284e-09,8.450496302714326e-09,0.0,0.007936507936507936,0.0,0.00026041454740765457,0.0629455506391347,1.220703125e-05,0.9995119570522206,0.0,0.0,0.0
2.1092901647534745e-07,2.23857767878144e-07,0.3333333333333333,0.25396825396825395,0.0,0.0010416581896306183,0.0,0.00390625,0.0,0.0,0.0,0.0
1.032524177269067e-09,1.2705061447348951e-09,0.0,0.015873015873015872,0.0,0.03359347661558744,0.0,0.000732421875,0.9995119570522206,0.0,0.0012613932291666667,0.0
1.833777019122351e-09,2.1262855920411994e-09,0.3333333333333333,0.0,0.011494252873563218,0.0,0.0,0.025,0.0,0.0,0.0,0.0
2.407605670384782e-09,2.938600696111848e-09,0.0,0.0,0.0,0.0,0.0,1.220703125e-05,0.0,0.0,0.0004069010416666667,0.0
1.3281853915303454e-11,1.6789195034228044e-11,0.0,0.0,0.0,0.0,0.06293018682399214,0.0,0.0,0.01568627450980392,8.138020833333333e-05,0.0
1.020063411516503e-08,1.1412581990555282e-08,0.3333333333333333,0.8253968253968254,0.0007183908045977011,0.0,0.0,0.0,0.0,0.0,0.0028889973958333335,0.0
6.3008473993875205e-09,7.164322912700526e-09,0.0,0.0,0.0021551724137931034,0.0,0.0,0.001953125,0.0,6.127450980392157e-05,0.3333333333333333,0.0
1.6713799788625747e-10,2.0379593845820662e-10,0.0,0.0,0.0,0.0,0.25098328416912485,0.01328125,0.0004880429477794046,0.7568627450980392,0.00016276041666666666,0.0
1.4410127535668944e-09,1.747860967071801e-09,0.3333333333333333,0.25396825396825395,0.0,0.0,0.0,0.003955078125,0.0,0.0,0.0,0.0
6.462878232582624e-09,7.669253676567676e-09,0.0,0.25396825396825395,0.0045797413793103444,0.8666596137726744,0.03933136676499508,0.0046875,0.0,0.0,0.0,0.0
2.017470421833423e-07,2.4757798655628e-07,0.6666666666666666,0.0,0.0007183908045977011,0.0,0.004916420845624385,0.0,0.0,6.127450980392157e-05,0.3541666666666667,0.0
1.0771405468956718e-12,1.2363806809953524e-12,0.0,0.31746031746031744,0.0007183908045977011,0.0,0.0,0.002978515625,0.0,0.0,6.103515625e-05,0.3333333333333333
6.419730880224961e-07,7.57234658976813e-07,0.0,0.0,0.0,0.0,0.0009832841691248771,0.0,0.0,0.0,0.0,0.0
5.801836441832187e-12,7.381798297623199e-12,0.3333333333333333,0.2698412698412698,0.0,0.0,1.9204768928220254e-05,0.0,0.003904343582235237,0.0,0.0025634765625,0.6666666666666666
5.848601958291511e-08,6.488869530585363e-08,0.0,0.015873015873015872,0.0,0.001822901831853582,0.0,0.0001953125,0.0,0.19215686274509805,0.0004069010416666667,0.005208333333333333
1.5939425335176334e-09,1.7502561622251274e-09,0.0,0.0,0.0007183908045977011,0.0,0.0,0.0,0.0,0.3176470588235294,0.00262451171875,0.3333333333333333
2.990181879880537e-09,3.4749227939556704e-09,0.0,0.0,0.0,0.004166632758522473,0.0,0.0,0.0,0.0,8.138020833333333e-05,0.3385416666666667
7.940357704683265e-08,9.139644419065009e-08,0.0,0.0,0.7476652298850575,0.0,0.07866273352999016,0.0,0.0,0.0,0.0,0.0
1.2254630643582232e-09,1.4707324247353881e-09,0.0,0.19047619047619047,0.0028735632183908046,0.0,0.0,0.05,0.0021961932650073207,6.127450980392157e-05,0.3333333333333333,0.0068359375
1.2199631582721082e-10,1.4743999077193592e-10,0.0,0.25396825396825395,0.0,1.2206931909733807e-05,0.25172074729596855,0.0,0.0,0.40784313725490196,8.138020833333333e-05,0.3333333333333333
7.289160386392268e-09,8.45288194994964e-09,0.0,0.0,0.0007183908045977011,0.0,0.0,3.662109375e-05,0.9995119570522206,0.12549019607843137,0.1875,0.0
1.2447014252625619e-10,1.4284487481752703e-10,0.0,0.0,0.9195402298850575,0.0,0.0,0.00078125,0.0,0.0,0.010416666666666666,0.08333333333333333
2.0926847754676456e-10,2.4257240660574553e-10,0.0,0.0,0.0007183908045977011,0.0,0.004916420845624385,1.220703125e-05,0.9995119570522206,0.0,0.0,0.006591796875
6.795054796615574e-11,7.778749172571152e-11,0.0,0.0,0.0,0.001302072737038273,1.5363815142576205e-05,0.0,0.0,0.06666666666666667,0.0,0.0
2.7725102769160515e-10,3.4094002621110064e-10,0.0,0.0,0.0,0.0,0.07964601769911504,0.0,0.0,0.0,0.0,0.0
1.3841811030701474e-09,1.7359335080513456e-09,0.0,0.0,0.0,0.0,0.24680432645034414,0.013671875,0.0,0.0,0.0,0.0
1.1406868505314803e-10,1.4322026897772844e-10,0.0,0.0,0.0028735632183908046,0.020833163792612366,0.0,0.0,0.0,0.0,0.0,0.0
3.1030599097203737e-12,4.122451945781648e-12,0.0,0.0,0.0035919540229885057,0.0,0.0,0.00078125,0.06246949731576379,0.01568627450980392,8.138020833333333e-05,0.0
9.242724274827196e-08,1.0304279385309201e-07,0.3333333333333333,0.9365079365079365,0.0,0.0,0.015732546705998034,0.000390625,0.9995119570522206,0.34901960784313724,0.0003255208333333333,0.0
7.785284084071973e-10,9.315348492577866e-10,0.0,0.0,0.0007183908045977011,0.0,0.004916420845624385,0.187451171875,0.0,0.0,0.0,0.0
5.472519859495152e-08,6.157228682468485e-08,1.0,0.9365079365079365,0.0,8.137954606489205e-06,0.3107177974434612,0.0,0.31234748657881894,0.0,0.0,0.3333333333333333
3.257619174412696e-10,3.544701476787537e-10,1.0,0.7619047619047619,0.0007183908045977011,6.510363685191364e-05,0.0039485004916420844,3.662109375e-05,0.9995119570522206,0.0,0.0,0.0
2.2917252540111117e-09,2.6530326824314443e-09,0.0,0.0,0.9770114942528736,0.0,0.0002458210422812193,0.001611328125,0.015617374328940947,0.01568627450980392,0.4166666666666667,0.0
8.5213883949109e-07,1.0280757578584598e-06,0.0,0.25396825396825395,0.00017959770114942528,0.0,0.0,0.049853515625,0.0,0.0,0.0,0.0
3.222072209041471e-08,3.9727751754981e-08,0.0,0.0,0.0,0.00026041454740765457,1.9204768928220254e-05,0.0,0.0,0.00392156862745098,0.0078125,0.3333333333333333
3.749722310431025e-08,4.23623021106323e-08,0.0,0.0,0.0007183908045977011,0.0,0.0,0.00078125,0.0,6.127450980392157e-05,0.3333333333333333,0.005208333333333333
7.56605178509062e-09,9.021210445325776e-09,0.0,0.25396825396825395,0.0,0.0,0.22025565388397247,0.0,0.0,0.0,0.0,0.0
2.1886142897997726e-10,2.799355192095732e-10,0.0,0.25396825396825395,0.00390625,0.06666612413635957,0.0,0.028759765625,0.0,0.1568627450980392,0.0004069010416666667,0.0
1.1817757439303025e-07,1.2674311733462673e-07,0.0,0.2698412698412698,0.0,0.001302072737038273,0.0,0.0,0.0,0.0,0.008443196614583334,0.3333333333333333
4.2098685648639376e-11,5.3890968076952817e-11,0.0,0.0,0.0,0.0,0.5349065880039331,0.012451171875,0.0004880429477794046,0.3137254901960784,0.0,0.006510416666666667
3.6856534491036536e-10,4.4065412430072115e-10,0.0,0.0,0.0007183908045977011,0.0,0.24680432645034414,0.049609375,0.0,0.3137254901960784,0.0,0.0
1.082934963925197e-09,1.3102740004100606e-09,0.0,0.0,0.9655172413793104,6.510363685191364e-05,0.0,4.8828125e-05,0.0,0.0196078431372549,0.010416666666666666,0.10416666666666667
1.7708515542835812e-08,2.076409444384808e-08,0.0,0.4444444444444444,0.001391882183908046,0.5333289930908766,0.4896755162241888,0.037158203125,0.0,0.0,8.138020833333333e-05,0.0
1.2521031322876295e-08,1.4083306076884128e-08,0.0,0.0,0.011494252873563218,0.001302072737038273,0.003933136676499509,1.220703125e-05,0.9995119570522206,0.0,0.021809895833333332,0.0
4.6714312418316695e-08,5.358131360821972e-08,1.0,0.8888888888888888,0.0007183908045977011,0.0,0.0,0.01015625,0.0,0.0,0.0,0.0
1.8305645888005984e-10,2.2856998238562904e-10,0.3333333333333333,0.2698412698412698,0.0,0.0,0.015732546705998034,0.0,0.0,0.40784313725490196,8.138020833333333e-05,0.006510416666666667
9.307236759070749e-09,1.141199401644144e-08,0.0,0.0,0.0005387931034482759,0.6666612413635957,0.22812192723697147,0.018359375,0.0,0.3137254901960784,0.021809895833333332,0.0
7.98057009365749e-10,1.0331231425908523e-09,0.0,0.0,0.0,0.001302072737038273,0.0,0.009375,0.0,0.25098039215686274,0.0,0.0
1.5067991299133608e-09,1.897303203435285e-09,1.0,0.7619047619047619,0.0007183908045977011,0.0,0.0,0.056201171875,0.0,0.0,0.016927083333333332,0.0
1.681279782062006e-09,2.0427162183978e-09,0.3333333333333333,0.2698412698412698,0.0,0.0,0.0,0.00234375,0.0,0.01568627450980392,0.0009765625,1.0
5.9349506642547574e-08,6.87138737021087e-08,0.3333333333333333,0.25396825396825395,0.0007183908045977011,0.0,0.0,0.00078125,0.31234748657881894,0.0,0.000244140625,0.0
3.324766573165049e-10,3.6811850789852935e-10,0.3333333333333333,0.2698412698412698,0.0007183908045977011,0.0,0.6922320550639135,0.0,0.0,0.9411764705882353,0.0013427734375,0.0
4.931688390996668e-09,5.741529474079242e-09,0.0,0.0,0.7816091954022989,0.2666644965454383,0.0009832841691248771,0.0,0.0,0.01568627450980392,0.0010579427083333333,0.0
5.2677693318514685e-09,5.910433920064406e-09,0.0,0.0,0.0,0.0,0.0,0.002734375,0.0009760858955588092,0.9607843137254902,0.0013427734375,0.0
1.0475046385849396e-09,1.2470569021871823e-09,0.0,0.0,0.011494252873563218,0.0,0.5024582104228122,0.012548828125,0.0,0.3176470588235294,0.0,0.0
6.929085571982796e-08,8.700042997134005e-08,0.0,0.0,0.0028735632183908046,0.26667263450004475,0.7551622418879056,0.0001953125,0.0,0.12549019607843137,0.00022379557291666666,0.0
2.1652957205020582e-10,2.704738655268101e-10,0.0,0.0,0.0,0.06666612413635957,0.063913470993117,0.0500732421875,0.0,0.01568627450980392,0.0,4.0690104166666664e-05
5.1391332078765124e-08,6.039807232127714e-08,0.0,0.0,0.7816091954022989,0.00026041454740765457,0.0,0.0,0.0,0.1568627450980392,0.0,0.2708333333333333
3.8161015680771015e-08,4.6603869208183824e-08,0.0,0.12698412698412698,0.0,0.0,1.5363815142576205e-05,0.2,0.0026842362127867253,0.0,0.0,0.0
3.2530465432500926e-08,3.842783158347629e-08,0.0,0.4444444444444444,0.0,8.137954606489205e-06,0.504424778761062,3.662109375e-05,0.9995119570522206,0.0,0.0,0.0
7.380187017069773e-10,8.634387649308906e-10,0.3333333333333333,0.25396825396825395,0.0,0.0,0.0,0.05,0.0036603221083455345,0.0,0.020833333333333332,0.0
3.108450562921972e-12,3.720555113995161e-12,0.0,0.38095238095238093,0.0,0.0,0.24680432645034414,0.01328125,0.0,0.0,0.0,0.0
5.965198397461792e-07,6.982402283028932e-07,0.0,0.0,0.0,0.0,0.043264503441494594,0.043359375,0.0,0.03137254901960784,0.00016276041666666666,0.3333333333333333
4.676858456065247e-09,5.847673012482345e-09,0.0,0.0,0.0,0.0,0.0471976401179941,0.010302734375,0.0,0.40784313725490196,0.005208333333333333,0.0
9.040147797012564e-11,1.1120335208225639e-10,0.0,0.0,0.0,0.0,0.0,0.0,0.0,0.0,4.0690104166666664e-05,0.0
1.1399604177286804e-10,1.3823231448384377e-10,0.0,0.0,0.00646551724137931,0.0,0.0,0.00078125,0.0,0.7647058823529411,0.0078125,0.25
4.105920936581242e-07,4.509299742494477e-07,1.0,0.8095238095238095,0.0035919540229885057,0.0,0.0,0.024609375,0.0004880429477794046,0.3803921568627451,0.00016276041666666666,0.0
3.716895946581644e-08,3.967550199490688e-08,0.0,0.0,0.0,0.29999755861361804,0.5034414945919371,0.0,0.0002440214738897023,0.0,0.3333536783854167,0.0
4.914681942663759e-13,6.443650951357128e-13,0.0,0.06349206349206349,0.0028735632183908046,0.0,0.0,0.0015625,0.0,0.3176470588235294,8.138020833333333e-05,0.006510416666666667
2.861970938017321e-10,3.2976851804811247e-10,0.0,0.0,0.0007183908045977011,0.0,1.9204768928220254e-05,0.0,0.0,0.1568627450980392,8.138020833333333e-05,0.005208333333333333
3.2265103921957916e-09,3.8162526472262925e-09,0.0,0.3333333333333333,0.0,0.0,0.0,0.00234375,0.0,0.0,0.0,0.0
3.1101479031070405e-11,4.074682952159847e-11,0.0,0.0,0.0007183908045977011,0.0,0.004916420845624385,0.037353515625,0.0,0.0,0.01043701171875,0.16666666666666666
2.002633392450548e-09,2.4872457426994288e-09,0.0,0.19047619047619047,0.0,0.0,0.03933136676499508,0.00078125,0.0,0.0,0.0078125,0.3333333333333333
1.0687150053811931e-09,1.2205317867497452e-09,0.0,0.0,0.05747126436781609,0.0,0.0,0.009375,0.0,0.44313725490196076,0.0,0.3333333333333333
7.245963828950152e-10,8.501253589976442e-10,0.0,0.0,0.0,0.0,1.9204768928220254e-05,0.0,0.0,0.0,0.00020345052083333334,0.0
8.414998475814173e-09,1.0229314284515569e-08,0.0,0.25396825396825395,0.0007183908045977011,0.0,0.0,0.011767578125,0.0,0.0,0.0,0.0
1.3031874190883028e-10,1.5681739240491763e-10,0.0,0.0,4.489942528735632e-05,0.0,0.0,0.0,0.0,6.127450980392157e-05,0.3333333333333333,0.0
1.8928970746401322e-07,2.1637673341956545e-07,0.3333333333333333,0.38095238095238093,0.0007632902298850575,0.06666612413635957,0.0009986479842674532,4.8828125e-05,0.24987798926305516,0.0,0.015645345052083332,0.25
5.565826022291276e-09,6.667624674605576e-09,0.0,0.25396825396825395,0.9200790229885057,0.3999967448181574,0.24680432645034414,0.0,0.0,0.47058823529411764,0.0013631184895833333,0.0
1.0832128793936137e-07,1.337799915290816e-07,0.0,0.0,0.0028735632183908046,0.0,0.0,0.21025390625,0.0004880429477794046,0.0,0.0,0.0
6.496684079593251e-08,7.768145593445298e-08,0.0,0.0,0.0,0.0,0.0,0.0,0.0,0.3137254901960784,0.0,0.006510416666666667
6.283586428956767e-10,8.351386804328341e-10,0.0,0.0,0.0,0.537495625849399,0.22910521140609635,0.000390625,0.0,0.0,0.0,0.3333333333333333
1.249747128895251e-06,1.277198180105188e-06,0.0,0.0,0.0015714798850574713,0.5333289930908766,0.014749262536873156,0.02508544921875,0.0,0.12549019607843137,0.0,0.0068359375
3.3280631583920695e-08,3.9846515420549615e-08,0.0,0.0,0.0,0.0,0.003933136676499509,0.127978515625,0.0,0.0,4.0690104166666664e-05,0.0
2.0785817511637103e-11,2.4678401683297928e-11,0.0,0.0,0.0007183908045977011,0.0,0.003933136676499509,4.8828125e-05,0.0,0.0,0.0004069010416666667,0.3333333333333333
1.506338094259263e-07,1.6264968394352766e-07,0.3333333333333333,0.25396825396825395,0.0,0.0,0.0009832841691248771,0.037451171875,0.0007320644216691069,0.47058823529411764,0.0013427734375,0.0
5.496512134328667e-10,6.810861874484431e-10,0.0,0.0,0.0,0.0,0.0,0.00390625,0.0,6.127450980392157e-05,0.4166666666666667,0.0
7.341350444223238e-11,8.846141180685052e-11,1.0,0.8095238095238095,0.0008979885057471264,0.0,0.0,0.0,0.31234748657881894,0.0,0.00128173828125,1.0
1.5656252960738466e-09,1.9182442301257648e-09,0.0,0.19047619047619047,0.0,0.0,0.0,0.00390625,0.0,6.127450980392157e-05,0.08333333333333333,0.005533854166666667
3.7131789309974284e-10,4.2061307214957816e-10,0.0,0.0,0.0,0.0,0.0,0.0,0.0,0.00392156862745098,0.0,0.0
3.0258348715506145e-08,3.678851712152209e-08,0.3333333333333333,0.9523809523809523,0.0,8.137954606489205e-06,0.003933136676499509,0.012890625,0.0009760858955588092,0.27058823529411763,0.0013427734375,0.0
1.0825084752197343e-11,1.2858097399315316e-11,0.0,0.0,0.0028735632183908046,0.004166632758522473,0.0,0.000390625,0.0009760858955588092,0.3254901960784314,0.005208333333333333,4.0690104166666664e-05
1.273249949917954e-09,1.5820120768950115e-09,0.0,0.0,0.0,0.0,0.06293018682399214,0.002392578125,0.003904343582235237,0.7568627450980392,4.0690104166666664e-05,0.0
1.9176615850824416e-10,2.547845545652905e-10,0.0,0.0,0.9195402298850575,0.020833163792612366,0.23107177974434612,0.002392578125,0.0,0.01568627450980392,2.0345052083333332e-05,0.0
6.03553473865759e-08,7.184922168335106e-08,0.0,0.0,0.0,0.0,0.0,0.0,0.0004880429477794046,0.8156862745098039,0.0,0.0
1.8289506797941613e-08,2.2254791787190698e-08,0.0,0.31746031746031744,0.0,0.0,0.0,0.00078125,0.0,0.3176470588235294,0.0013020833333333333,0.0
4.3470455013405735e-10,5.37484112772546e-10,0.0,0.0,0.0,0.0,0.003933136676499509,0.051416015625,0.0007320644216691069,0.0001838235294117647,0.3333333333333333,0.0068359375
6.381348338635461e-09,7.81839837316056e-09,0.0,0.0,1.0,6.510363685191364e-05,1.9204768928220254e-05,0.2,0.0,0.1568627450980392,0.0009765625,0.0
4.260338262729313e-11,5.1567895786863716e-11,0.0,0.25396825396825395,0.0007183908045977011,0.0,0.06293018682399214,0.0,0.0,0.3176470588235294,0.0003255208333333333,0.0
5.277423387184399e-09,6.312732114821528e-09,0.0,0.0,0.0,0.0,0.0009832841691248771,0.15028076171875,0.0,0.0,0.0,0.0
4.744050152716284e-10,5.637428301952241e-10,0.0,0.0,0.012033045977011493,0.0,0.0,0.002734375,0.0,0.0,0.0013020833333333333,0.0
3.03820191227544e-10,3.675586224272109e-10,0.3333333333333333,0.2698412698412698,0.0,8.137954606489205e-06,0.7708947885939036,0.03740234375,0.0,0.25098039215686274,8.138020833333333e-05,0.3385416666666667
2.903622675631822e-09,3.3517588704512487e-09,1.0,0.8095238095238095,0.001391882183908046,0.5333289930908766,0.0,0.0,0.0,0.01568627450980392,0.0,0.0
3.816938587419826e-08,4.4110528563123814e-08,0.0,0.0,0.0,0.0,0.45132743362831856,0.005859375,0.0,0.12549019607843137,0.0,0.0
5.783054590757786e-12,6.471329982299379e-12,0.0,0.0,0.0014367816091954023,0.0,0.0,0.2,0.0,0.0628063725490196,0.3333333333333333,0.3333333333333333
2.798657083857847e-09,3.200772757949721e-09,0.0,0.25396825396825395,0.0,0.0,0.04424778761061947,0.0130859375,0.0,6.127450980392157e-05,0.3333536783854167,0.3333333333333333
8.037893267642817e-12,9.928371492995412e-12,0.0,0.4444444444444444,0.0028286637931034483,0.33333062068179786,0.0,0.05142822265625,0.0007320644216691069,6.127450980392157e-05,0.3333333333333333,0.3333333333333333
6.741920910435794e-10,8.366644599355765e-10,0.0,0.0,0.9195402298850575,0.020833163792612366,0.16617502458210423,0.0015625,0.0,0.0,4.0690104166666664e-05,0.0
1.8266292992064056e-11,2.465144408048125e-11,0.6666666666666666,0.30158730158730157,0.00026939655172413793,0.0,0.0,0.000390625,0.0,0.0,0.0,0.0
4.811991516362468e-07,5.668862854690816e-07,0.3333333333333333,0.2857142857142857,0.0,0.004166632758522473,0.23107177974434612,0.00390625,0.06246949731576379,0.25098039215686274,0.08430989583333333,1.0
1.441777719435322e-08,1.7602607371713933e-08,0.3333333333333333,0.0,0.9660560344827587,0.13333224827271914,0.0009832841691248771,0.00078125,0.0,0.7647058823529411,0.0,0.0
5.385947687841507e-09,6.0615694685850485e-09,0.0,0.0,0.0007183908045977011,0.0,0.0,0.00078125,0.0,0.0,0.0,0.0
3.88909668913584e-08,4.3953310324695856e-08,0.0,0.0,0.735632183908046,0.004166632758522473,0.0,0.0,0.0,0.0,0.0,0.25
5.118521428926216e-08,6.187803336388242e-08,0.0,0.0,0.0,0.0,0.0,0.00078125,0.0,0.0,0.0,0.0
1.1312629055737489e-08,1.2316264452749692e-08,1.0,0.9365079365079365,0.003636853448275862,0.0,0.0,0.0,0.0,0.01568627450980392,0.0,0.0068359375
9.084246133106431e-10,1.022936735317614e-09,0.0,0.0,0.0,0.0,1.9204768928220254e-05,0.01005859375,0.9995119570522206,0.34901960784313724,0.021809895833333332,0.0
3.4938838489040323e-09,3.86847620603703e-09,0.3333333333333333,0.2698412698412698,0.0,0.0,0.07866273352999016,0.0,0.0002440214738897023,0.8784313725490196,0.0,0.0
9.226145181173704e-09,1.1312952352682261e-08,0.0,0.0,0.0,0.0,0.0,0.037451171875,0.0,0.28627450980392155,0.00262451171875,0.5833333333333334
3.0036680698231066e-08,3.3356634787651274e-08,0.0,0.0,0.0,0.0,1.9204768928220254e-05,0.01025390625,0.0,0.25098039215686274,0.0,0.0
1.3826824840634802e-07,1.6087929566310777e-07,0.0,0.0,0.7471264367816092,8.137954606489205e-06,0.5191740412979351,0.00078125,0.0,0.0,0.0006306966145833334,0.0
3.0103382897550546e-08,3.2850955733465526e-08,0.0,0.0,0.0002244971264367816,0.8000016275909213,0.8151425762045231,0.012890625,0.0,0.0,0.0,0.0
1.7221448334221736e-13,2.229709608137301e-13,0.0,0.0,0.0007183908045977011,0.0,0.003933136676499509,0.0,0.06246949731576379,0.3137254901960784,0.08335367838541667,0.0
3.750852428652252e-08,4.463372604845972e-08,0.0,0.0,0.0,4.068977303244603e-06,0.0,0.009375,0.0,0.3176470588235294,0.0,0.0
4.976258120847898e-13,6.992555948333312e-13,0.0,0.0,0.0007183908045977011,0.0,0.0,0.0,0.0,6.127450980392157e-05,0.3333536783854167,0.0
1.5903379724235831e-09,1.870694266159489e-09,0.0,0.0,0.0,0.0,0.01673119469026549,0.0001953125,0.2654953635919961,0.0,0.0,0.3333333333333333
9.192191896545406e-09,1.1739312633096688e-08,0.0,0.0,0.0,0.5333289930908766,0.0,0.005517578125,0.0,0.06274509803921569,2.0345052083333332e-05,0.3333333333333333
7.122507916790255e-09,8.808487272915498e-09,0.0,0.015873015873015872,0.0007183908045977011,0.0,0.0,0.000390625,0.12493899463152758,6.127450980392157e-05,0.4375,0.0
9.567382619479758e-08,1.1433471058808209e-07,0.0,0.0,0.9195402298850575,0.0,1.9204768928220254e-05,0.0001953125,0.0,0.9411764705882353,0.0002848307291666667,0.0
6.752361336737066e-09,7.333086582406166e-09,0.0,0.0,0.0,8.137954606489205e-06,0.8141592920353983,0.021875,0.0,0.0,0.0,0.0
4.3254364534561765e-09,4.894056271353975e-09,0.0,0.12698412698412698,0.0,0.0,0.471976401179941,0.000830078125,0.0,0.01568627450980392,0.08333333333333333,0.006510416666666667
2.5049956775546892e-08,2.8265057849807818e-08,0.3333333333333333,0.2698412698412698,0.0,0.0,0.31465093411996065,0.0,0.003904343582235237,0.0,0.0032145182291666665,0.0
4.6812314025146415e-09,5.448967499432911e-09,0.0,0.0,0.0,0.0010416581896306183,1.5363815142576205e-05,0.0,0.0,0.00392156862745098,0.0,0.0
6.0838432069942874e-09,7.3685164636572145e-09,0.0,0.0,0.04597701149425287,0.0,0.0,0.011865234375,0.0,0.0,0.0002848307291666667,0.0
5.4315691500050895e-08,6.356740556157092e-08,0.0,0.0,0.0,0.0,0.0,0.13828125,0.0,0.0,8.138020833333333e-05,0.006510416666666667
3.151870942019741e-07,3.64360943194697e-07,0.0,0.0,0.0,0.0,0.20452310717797442,0.049609375,0.0002440214738897023,0.0,0.0004069010416666667,0.3333333333333333
1.0140396300428731e-09,1.2096738055689116e-09,0.0,0.0,0.0,0.0,0.0,0.00078125,0.0,0.3254901960784314,0.005228678385416667,0.3333333333333333
1.1344807905599996e-11,1.2643694251301962e-11,0.0,0.0,0.0,0.0,0.0,0.012890625,0.0,0.0,0.0006306966145833334,4.0690104166666664e-05
3.096840117677857e-08,3.524016278788622e-08,0.0,0.25396825396825395,0.0007183908045977011,0.0,0.0,0.0,0.0,0.0,0.005208333333333333,0.0
9.114705656898535e-10,1.0573203423902555e-09,0.0,0.015873015873015872,0.0,0.2666644965454383,0.0,0.0,0.0,6.127450980392157e-05,0.3333333333333333,0.0
2.3236892410238848e-09,2.670802912163594e-09,0.0,0.0,0.0,0.0,0.0,0.0,0.0,0.0628063725490196,0.3333333333333333,0.0068359375
1.4980611195980484e-10,1.8395177048269318e-10,0.3333333333333333,0.2698412698412698,0.011494252873563218,0.004166632758522473,0.012782694198623401,0.000830078125,0.0,0.0,0.0004069010416666667,0.0
2.1878797384911048e-10,2.679716171183344e-10,0.0,0.0,0.0002244971264367816,0.1999983724090787,0.003933136676499509,1.0,0.0,0.0,0.006490071614583333,1.0
8.286215091857228e-08,9.235111519956265e-08,0.0,0.0,0.0007183908045977011,0.0005208290948153091,0.0,0.003125,0.9995119570522206,0.3176470588235294,0.0,0.006510416666666667
2.884706362671352e-12,4.070361669245015e-12,0.0,0.0,0.9195402298850575,0.05416622586079215,0.0,0.00390625,0.0,0.0,0.00020345052083333334,0.0
7.0184821496233055e-12,8.567757614486025e-12,0.0,0.0,0.0005387931034482759,0.0,0.2232055063913471,0.000390625,0.0,0.0,0.0004069010416666667,0.0
8.869596168636915e-10,9.863997396664104e-10,0.3333333333333333,0.2698412698412698,0.0,8.137954606489205e-06,0.7551622418879056,0.0,0.0,6.127450980392157e-05,0.0009765625,0.0
1.444738995104444e-09,1.6988803697159931e-09,0.0,0.0,4.489942528735632e-05,0.06666612413635957,1.9204768928220254e-05,1.220703125e-05,0.0,0.0,0.0,0.0
4.481301232317492e-07,4.977146659257415e-07,0.0,0.0,0.735632183908046,0.0,0.015751751474926252,0.009716796875,0.0,0.0,0.0084228515625,0.3333333333333333
8.685767483029849e-08,9.035662884571137e-08,0.0,0.0,0.0,0.0,0.0,0.052197265625,0.0,0.0,0.0,0.0
6.121477456877411e-12,7.285966101278074e-12,0.3333333333333333,0.4444444444444444,0.0,0.0,0.0,1.220703125e-05,0.9995119570522206,0.0,8.138020833333333e-05,0.0
2.6078084136571533e-10,3.0265301376175557e-10,0.0,0.0,0.7816091954022989,0.0,0.0,0.01015625,0.0,0.0,0.0,0.0
3.1127982413892133e-09,3.826018613040104e-09,0.0,0.0,0.0,8.137954606489205e-06,0.0,3.662109375e-05,0.0007320644216691069,6.127450980392157e-05,0.3333536783854167,0.0004069010416666667
4.534358666319348e-09,5.413693937583729e-09,0.0,0.0,0.010775862068965518,0.0,1.5363815142576205e-05,0.0,0.0,0.3137254901960784,0.0,0.0
3.005850013337862e-09,3.968388284647516e-09,0.0,0.19047619047619047,0.0,0.0,0.0,0.0001953125,0.0,6.127450980392157e-05,0.3343098958333333,0.3333333333333333
1.8162541470800875e-09,2.333188753311788e-09,0.0,0.0,0.0,0.0,0.004916420845624385,0.1404296875,0.0002440214738897023,0.06666666666666667,0.0003255208333333333,0.0
2.6857257751089488e-08,3.0671017725580896e-08,0.0,0.0,0.0021551724137931034,0.0,0.0,0.0515625,0.0,0.0,0.0,0.0
4.381108809070611e-09,5.069956454661905e-09,0.0,0.0,0.0,0.0,0.07866273352999016,0.0,0.0,0.0,0.0,0.0
1.9327952571757123e-09,2.2191539716942543e-09,0.0,0.0,0.0007183908045977011,0.0,0.0,0.0,0.0,0.0,0.0,0.006510416666666667
8.772735315965007e-10,1.0133339722884216e-09,0.0,0.06349206349206349,0.0,0.000797519551435942,0.0,0.0001953125,0.9995119570522206,0.06274509803921569,0.0,0.0
6.400490093483313e-08,7.752159802976166e-08,0.0,0.0,0.008620689655172414,0.8166600206704047,0.5034414945919371,0.18746337890625,0.9995119570522206,0.03529411764705882,0.0029296875,0.0
3.0995764177532685e-08,3.5470048231900364e-08,0.0,0.0,0.0,0.001302072737038273,0.0039485004916420844,0.0,0.0,0.3176470588235294,0.013081868489583334,4.0690104166666664e-05
6.655393036680833e-08,8.126952621978489e-08,0.0,0.0,0.0,0.0,0.0,0.0,0.0,6.127450980392157e-05,0.3333333333333333,0.006510416666666667
1.4105269841024892e-08,1.7153764630961632e-08,0.0,0.0,0.0,0.0,0.0009832841691248771,0.011865234375,0.0002440214738897023,0.0,0.0,0.25
9.875824602545435e-09,1.1043850278724676e-08,0.0,0.0,4.489942528735632e-05,0.0,0.0,0.024609375,0.0002440214738897023,0.19215686274509805,0.0004069010416666667,0.3385416666666667
9.428733349636782e-10,1.1903972252369501e-09,0.0,0.0,0.0,0.0,0.0,0.00078125,0.31234748657881894,0.0,0.0,0.005208333333333333
8.103354653954397e-10,9.990250848801452e-10,0.0,0.0,0.0,0.0,0.015732546705998034,0.0,0.9995119570522206,0.0,0.0,0.0
3.0170234310844535e-08,3.387695102219368e-08,0.3333333333333333,0.25396825396825395,0.0,0.020833163792612366,0.0,0.001953125,0.0,6.127450980392157e-05,0.3333333333333333,0.0
1.5043009682358388e-07,1.6570920990943705e-07,0.0,0.0,0.0021551724137931034,0.0,0.0,0.0,0.0,0.0,0.0,0.0
7.256876211059192e-10,8.442210819303853e-10,0.0,0.015873015873015872,0.0,0.0,0.0,1.220703125e-05,0.9995119570522206,0.0,0.0,0.0
7.097172294301402e-10,8.635095971598614e-10,0.0,0.0,0.0,0.020833163792612366,0.007866273352999017,0.005859375,0.0,6.127450980392157e-05,0.3333333333333333,0.0003255208333333333
1.2827888973276913e-08,1.5025381827626916e-08,0.0,0.25396825396825395,0.005702227011494253,1.0,0.7551622418879056,0.05220947265625,0.0,0.0,0.0005696614583333334,0.0
3.424065031509826e-09,3.865489262011578e-09,0.0,0.0,0.0,0.0,0.0,0.0,0.0,0.0,0.0,0.0
5.988973317272438e-09,7.3461339233915615e-09,0.3333333333333333,0.25396825396825395,0.0,0.0,0.0,0.0,0.0,6.127450980392157e-05,0.3333333333333333,0.0003255208333333333
1.5345160905844146e-11,1.8047976307888902e-11,0.3333333333333333,0.0,0.9655172413793104,0.2666644965454383,0.0,0.024609375,0.0002440214738897023,0.9450980392156862,0.0006306966145833334,0.0
1.953259776144022e-09,2.5418278593036803e-09,0.0,0.0,0.0009428879310344828,0.5333289930908766,0.471976401179941,0.0248046875,0.0002440214738897023,0.0,0.0,0.0
1.8346007005232142e-11,2.404666049615756e-11,0.0,0.0,0.008575790229885057,0.9999918620453935,0.0,0.0,0.0,6.127450980392157e-05,0.3343098958333333,0.3333333333333333
4.4998140630303496e-11,5.3984070685908485e-11,0.0,0.0,0.0,0.0,0.007866273352999017,0.00078125,0.0,0.0,0.0,0.0
